implementation,nthreads,iterations,grain,repeat,cpu_ids,runtime_seconds,validation_value,stdout_log,stderr_log
mutex,1,50000000,1,1,0,0.619223000000,50000000,/home/peppaspan/NTUA-Advanced_Computer_Architecture/exercises/3rd/benchmarks/4.1/real/raw/mutex/threads_1/grain_1/repeat_1.stdout.txt,/home/peppaspan/NTUA-Advanced_Computer_Architecture/exercises/3rd/benchmarks/4.1/real/raw/mutex/threads_1/grain_1/repeat_1.stderr.txt
mutex,1,50000000,1,2,0,0.624904000000,50000000,/home/peppaspan/NTUA-Advanced_Computer_Architecture/exercises/3rd/benchmarks/4.1/real/raw/mutex/threads_1/grain_1/repeat_2.stdout.txt,/home/peppaspan/NTUA-Advanced_Computer_Architecture/exercises/3rd/benchmarks/4.1/real/raw/mutex/threads_1/grain_1/repeat_2.stderr.txt
mutex,1,50000000,1,3,0,0.631213000000,50000000,/home/peppaspan/NTUA-Advanced_Computer_Architecture/exercises/3rd/benchmarks/4.1/real/raw/mutex/threads_1/grain_1/repeat_3.stdout.txt,/home/peppaspan/NTUA-Advanced_Computer_Architecture/exercises/3rd/benchmarks/4.1/real/raw/mutex/threads_1/grain_1/repeat_3.stderr.txt
mutex,1,50000000,1,4,0,0.625282000000,50000000,/home/peppaspan/NTUA-Advanced_Computer_Architecture/exercises/3rd/benchmarks/4.1/real/raw/mutex/threads_1/grain_1/repeat_4.stdout.txt,/home/peppaspan/NTUA-Advanced_Computer_Architecture/exercises/3rd/benchmarks/4.1/real/raw/mutex/threads_1/grain_1/repeat_4.stderr.txt
mutex,1,50000000,1,5,0,0.626140000000,50000000,/home/peppaspan/NTUA-Advanced_Computer_Architecture/exercises/3rd/benchmarks/4.1/real/raw/mutex/threads_1/grain_1/repeat_5.stdout.txt,/home/peppaspan/NTUA-Advanced_Computer_Architecture/exercises/3rd/benchmarks/4.1/real/raw/mutex/threads_1/grain_1/repeat_5.stderr.txt
tas_cas,1,50000000,1,1,0,0.388519000000,50000000,/home/peppaspan/NTUA-Advanced_Computer_Architecture/exercises/3rd/benchmarks/4.1/real/raw/tas_cas/threads_1/grain_1/repeat_1.stdout.txt,/home/peppaspan/NTUA-Advanced_Computer_Architecture/exercises/3rd/benchmarks/4.1/real/raw/tas_cas/threads_1/grain_1/repeat_1.stderr.txt
tas_cas,1,50000000,1,2,0,0.386149000000,50000000,/home/peppaspan/NTUA-Advanced_Computer_Architecture/exercises/3rd/benchmarks/4.1/real/raw/tas_cas/threads_1/grain_1/repeat_2.stdout.txt,/home/peppaspan/NTUA-Advanced_Computer_Architecture/exercises/3rd/benchmarks/4.1/real/raw/tas_cas/threads_1/grain_1/repeat_2.stderr.txt
tas_cas,1,50000000,1,3,0,0.388580000000,50000000,/home/peppaspan/NTUA-Advanced_Computer_Architecture/exercises/3rd/benchmarks/4.1/real/raw/tas_cas/threads_1/grain_1/repeat_3.stdout.txt,/home/peppaspan/NTUA-Advanced_Computer_Architecture/exercises/3rd/benchmarks/4.1/real/raw/tas_cas/threads_1/grain_1/repeat_3.stderr.txt
tas_cas,1,50000000,1,4,0,0.393923000000,50000000,/home/peppaspan/NTUA-Advanced_Computer_Architecture/exercises/3rd/benchmarks/4.1/real/raw/tas_cas/threads_1/grain_1/repeat_4.stdout.txt,/home/peppaspan/NTUA-Advanced_Computer_Architecture/exercises/3rd/benchmarks/4.1/real/raw/tas_cas/threads_1/grain_1/repeat_4.stderr.txt
tas_cas,1,50000000,1,5,0,0.392559000000,50000000,/home/peppaspan/NTUA-Advanced_Computer_Architecture/exercises/3rd/benchmarks/4.1/real/raw/tas_cas/threads_1/grain_1/repeat_5.stdout.txt,/home/peppaspan/NTUA-Advanced_Computer_Architecture/exercises/3rd/benchmarks/4.1/real/raw/tas_cas/threads_1/grain_1/repeat_5.stderr.txt
tas_ts,1,50000000,1,1,0,0.366456000000,50000000,/home/peppaspan/NTUA-Advanced_Computer_Architecture/exercises/3rd/benchmarks/4.1/real/raw/tas_ts/threads_1/grain_1/repeat_1.stdout.txt,/home/peppaspan/NTUA-Advanced_Computer_Architecture/exercises/3rd/benchmarks/4.1/real/raw/tas_ts/threads_1/grain_1/repeat_1.stderr.txt
tas_ts,1,50000000,1,2,0,0.367187000000,50000000,/home/peppaspan/NTUA-Advanced_Computer_Architecture/exercises/3rd/benchmarks/4.1/real/raw/tas_ts/threads_1/grain_1/repeat_2.stdout.txt,/home/peppaspan/NTUA-Advanced_Computer_Architecture/exercises/3rd/benchmarks/4.1/real/raw/tas_ts/threads_1/grain_1/repeat_2.stderr.txt
tas_ts,1,50000000,1,3,0,0.365641000000,50000000,/home/peppaspan/NTUA-Advanced_Computer_Architecture/exercises/3rd/benchmarks/4.1/real/raw/tas_ts/threads_1/grain_1/repeat_3.stdout.txt,/home/peppaspan/NTUA-Advanced_Computer_Architecture/exercises/3rd/benchmarks/4.1/real/raw/tas_ts/threads_1/grain_1/repeat_3.stderr.txt
tas_ts,1,50000000,1,4,0,0.364955000000,50000000,/home/peppaspan/NTUA-Advanced_Computer_Architecture/exercises/3rd/benchmarks/4.1/real/raw/tas_ts/threads_1/grain_1/repeat_4.stdout.txt,/home/peppaspan/NTUA-Advanced_Computer_Architecture/exercises/3rd/benchmarks/4.1/real/raw/tas_ts/threads_1/grain_1/repeat_4.stderr.txt
tas_ts,1,50000000,1,5,0,0.363519000000,50000000,/home/peppaspan/NTUA-Advanced_Computer_Architecture/exercises/3rd/benchmarks/4.1/real/raw/tas_ts/threads_1/grain_1/repeat_5.stdout.txt,/home/peppaspan/NTUA-Advanced_Computer_Architecture/exercises/3rd/benchmarks/4.1/real/raw/tas_ts/threads_1/grain_1/repeat_5.stderr.txt
ttas_cas,1,50000000,1,1,0,0.387483000000,50000000,/home/peppaspan/NTUA-Advanced_Computer_Architecture/exercises/3rd/benchmarks/4.1/real/raw/ttas_cas/threads_1/grain_1/repeat_1.stdout.txt,/home/peppaspan/NTUA-Advanced_Computer_Architecture/exercises/3rd/benchmarks/4.1/real/raw/ttas_cas/threads_1/grain_1/repeat_1.stderr.txt
ttas_cas,1,50000000,1,2,0,0.392872000000,50000000,/home/peppaspan/NTUA-Advanced_Computer_Architecture/exercises/3rd/benchmarks/4.1/real/raw/ttas_cas/threads_1/grain_1/repeat_2.stdout.txt,/home/peppaspan/NTUA-Advanced_Computer_Architecture/exercises/3rd/benchmarks/4.1/real/raw/ttas_cas/threads_1/grain_1/repeat_2.stderr.txt
ttas_cas,1,50000000,1,3,0,0.384452000000,50000000,/home/peppaspan/NTUA-Advanced_Computer_Architecture/exercises/3rd/benchmarks/4.1/real/raw/ttas_cas/threads_1/grain_1/repeat_3.stdout.txt,/home/peppaspan/NTUA-Advanced_Computer_Architecture/exercises/3rd/benchmarks/4.1/real/raw/ttas_cas/threads_1/grain_1/repeat_3.stderr.txt
ttas_cas,1,50000000,1,4,0,0.386495000000,50000000,/home/peppaspan/NTUA-Advanced_Computer_Architecture/exercises/3rd/benchmarks/4.1/real/raw/ttas_cas/threads_1/grain_1/repeat_4.stdout.txt,/home/peppaspan/NTUA-Advanced_Computer_Architecture/exercises/3rd/benchmarks/4.1/real/raw/ttas_cas/threads_1/grain_1/repeat_4.stderr.txt
ttas_cas,1,50000000,1,5,0,0.394591000000,50000000,/home/peppaspan/NTUA-Advanced_Computer_Architecture/exercises/3rd/benchmarks/4.1/real/raw/ttas_cas/threads_1/grain_1/repeat_5.stdout.txt,/home/peppaspan/NTUA-Advanced_Computer_Architecture/exercises/3rd/benchmarks/4.1/real/raw/ttas_cas/threads_1/grain_1/repeat_5.stderr.txt
ttas_ts,1,50000000,1,1,0,0.364134000000,50000000,/home/peppaspan/NTUA-Advanced_Computer_Architecture/exercises/3rd/benchmarks/4.1/real/raw/ttas_ts/threads_1/grain_1/repeat_1.stdout.txt,/home/peppaspan/NTUA-Advanced_Computer_Architecture/exercises/3rd/benchmarks/4.1/real/raw/ttas_ts/threads_1/grain_1/repeat_1.stderr.txt
ttas_ts,1,50000000,1,2,0,0.362871000000,50000000,/home/peppaspan/NTUA-Advanced_Computer_Architecture/exercises/3rd/benchmarks/4.1/real/raw/ttas_ts/threads_1/grain_1/repeat_2.stdout.txt,/home/peppaspan/NTUA-Advanced_Computer_Architecture/exercises/3rd/benchmarks/4.1/real/raw/ttas_ts/threads_1/grain_1/repeat_2.stderr.txt
ttas_ts,1,50000000,1,3,0,0.367514000000,50000000,/home/peppaspan/NTUA-Advanced_Computer_Architecture/exercises/3rd/benchmarks/4.1/real/raw/ttas_ts/threads_1/grain_1/repeat_3.stdout.txt,/home/peppaspan/NTUA-Advanced_Computer_Architecture/exercises/3rd/benchmarks/4.1/real/raw/ttas_ts/threads_1/grain_1/repeat_3.stderr.txt
ttas_ts,1,50000000,1,4,0,0.365560000000,50000000,/home/peppaspan/NTUA-Advanced_Computer_Architecture/exercises/3rd/benchmarks/4.1/real/raw/ttas_ts/threads_1/grain_1/repeat_4.stdout.txt,/home/peppaspan/NTUA-Advanced_Computer_Architecture/exercises/3rd/benchmarks/4.1/real/raw/ttas_ts/threads_1/grain_1/repeat_4.stderr.txt
ttas_ts,1,50000000,1,5,0,0.369583000000,50000000,/home/peppaspan/NTUA-Advanced_Computer_Architecture/exercises/3rd/benchmarks/4.1/real/raw/ttas_ts/threads_1/grain_1/repeat_5.stdout.txt,/home/peppaspan/NTUA-Advanced_Computer_Architecture/exercises/3rd/benchmarks/4.1/real/raw/ttas_ts/threads_1/grain_1/repeat_5.stderr.txt
mutex,2,50000000,1,1,"0,2",4.802505000000,100000000,/home/peppaspan/NTUA-Advanced_Computer_Architecture/exercises/3rd/benchmarks/4.1/real/raw/mutex/threads_2/grain_1/repeat_1.stdout.txt,/home/peppaspan/NTUA-Advanced_Computer_Architecture/exercises/3rd/benchmarks/4.1/real/raw/mutex/threads_2/grain_1/repeat_1.stderr.txt
mutex,2,50000000,1,2,"0,2",4.461205000000,100000000,/home/peppaspan/NTUA-Advanced_Computer_Architecture/exercises/3rd/benchmarks/4.1/real/raw/mutex/threads_2/grain_1/repeat_2.stdout.txt,/home/peppaspan/NTUA-Advanced_Computer_Architecture/exercises/3rd/benchmarks/4.1/real/raw/mutex/threads_2/grain_1/repeat_2.stderr.txt
mutex,2,50000000,1,3,"0,2",5.059704000000,100000000,/home/peppaspan/NTUA-Advanced_Computer_Architecture/exercises/3rd/benchmarks/4.1/real/raw/mutex/threads_2/grain_1/repeat_3.stdout.txt,/home/peppaspan/NTUA-Advanced_Computer_Architecture/exercises/3rd/benchmarks/4.1/real/raw/mutex/threads_2/grain_1/repeat_3.stderr.txt
mutex,2,50000000,1,4,"0,2",4.867422000000,100000000,/home/peppaspan/NTUA-Advanced_Computer_Architecture/exercises/3rd/benchmarks/4.1/real/raw/mutex/threads_2/grain_1/repeat_4.stdout.txt,/home/peppaspan/NTUA-Advanced_Computer_Architecture/exercises/3rd/benchmarks/4.1/real/raw/mutex/threads_2/grain_1/repeat_4.stderr.txt
mutex,2,50000000,1,5,"0,2",4.975914000000,100000000,/home/peppaspan/NTUA-Advanced_Computer_Architecture/exercises/3rd/benchmarks/4.1/real/raw/mutex/threads_2/grain_1/repeat_5.stdout.txt,/home/peppaspan/NTUA-Advanced_Computer_Architecture/exercises/3rd/benchmarks/4.1/real/raw/mutex/threads_2/grain_1/repeat_5.stderr.txt
tas_cas,2,50000000,1,1,"0,2",3.383568000000,100000000,/home/peppaspan/NTUA-Advanced_Computer_Architecture/exercises/3rd/benchmarks/4.1/real/raw/tas_cas/threads_2/grain_1/repeat_1.stdout.txt,/home/peppaspan/NTUA-Advanced_Computer_Architecture/exercises/3rd/benchmarks/4.1/real/raw/tas_cas/threads_2/grain_1/repeat_1.stderr.txt
tas_cas,2,50000000,1,2,"0,2",3.516331000000,100000000,/home/peppaspan/NTUA-Advanced_Computer_Architecture/exercises/3rd/benchmarks/4.1/real/raw/tas_cas/threads_2/grain_1/repeat_2.stdout.txt,/home/peppaspan/NTUA-Advanced_Computer_Architecture/exercises/3rd/benchmarks/4.1/real/raw/tas_cas/threads_2/grain_1/repeat_2.stderr.txt
tas_cas,2,50000000,1,3,"0,2",3.445553000000,100000000,/home/peppaspan/NTUA-Advanced_Computer_Architecture/exercises/3rd/benchmarks/4.1/real/raw/tas_cas/threads_2/grain_1/repeat_3.stdout.txt,/home/peppaspan/NTUA-Advanced_Computer_Architecture/exercises/3rd/benchmarks/4.1/real/raw/tas_cas/threads_2/grain_1/repeat_3.stderr.txt
tas_cas,2,50000000,1,4,"0,2",2.539900000000,100000000,/home/peppaspan/NTUA-Advanced_Computer_Architecture/exercises/3rd/benchmarks/4.1/real/raw/tas_cas/threads_2/grain_1/repeat_4.stdout.txt,/home/peppaspan/NTUA-Advanced_Computer_Architecture/exercises/3rd/benchmarks/4.1/real/raw/tas_cas/threads_2/grain_1/repeat_4.stderr.txt
tas_cas,2,50000000,1,5,"0,2",3.380456000000,100000000,/home/peppaspan/NTUA-Advanced_Computer_Architecture/exercises/3rd/benchmarks/4.1/real/raw/tas_cas/threads_2/grain_1/repeat_5.stdout.txt,/home/peppaspan/NTUA-Advanced_Computer_Architecture/exercises/3rd/benchmarks/4.1/real/raw/tas_cas/threads_2/grain_1/repeat_5.stderr.txt
tas_ts,2,50000000,1,1,"0,2",3.855196000000,100000000,/home/peppaspan/NTUA-Advanced_Computer_Architecture/exercises/3rd/benchmarks/4.1/real/raw/tas_ts/threads_2/grain_1/repeat_1.stdout.txt,/home/peppaspan/NTUA-Advanced_Computer_Architecture/exercises/3rd/benchmarks/4.1/real/raw/tas_ts/threads_2/grain_1/repeat_1.stderr.txt
tas_ts,2,50000000,1,2,"0,2",3.886891000000,100000000,/home/peppaspan/NTUA-Advanced_Computer_Architecture/exercises/3rd/benchmarks/4.1/real/raw/tas_ts/threads_2/grain_1/repeat_2.stdout.txt,/home/peppaspan/NTUA-Advanced_Computer_Architecture/exercises/3rd/benchmarks/4.1/real/raw/tas_ts/threads_2/grain_1/repeat_2.stderr.txt
tas_ts,2,50000000,1,3,"0,2",3.761554000000,100000000,/home/peppaspan/NTUA-Advanced_Computer_Architecture/exercises/3rd/benchmarks/4.1/real/raw/tas_ts/threads_2/grain_1/repeat_3.stdout.txt,/home/peppaspan/NTUA-Advanced_Computer_Architecture/exercises/3rd/benchmarks/4.1/real/raw/tas_ts/threads_2/grain_1/repeat_3.stderr.txt
tas_ts,2,50000000,1,4,"0,2",3.857002000000,100000000,/home/peppaspan/NTUA-Advanced_Computer_Architecture/exercises/3rd/benchmarks/4.1/real/raw/tas_ts/threads_2/grain_1/repeat_4.stdout.txt,/home/peppaspan/NTUA-Advanced_Computer_Architecture/exercises/3rd/benchmarks/4.1/real/raw/tas_ts/threads_2/grain_1/repeat_4.stderr.txt
tas_ts,2,50000000,1,5,"0,2",3.920760000000,100000000,/home/peppaspan/NTUA-Advanced_Computer_Architecture/exercises/3rd/benchmarks/4.1/real/raw/tas_ts/threads_2/grain_1/repeat_5.stdout.txt,/home/peppaspan/NTUA-Advanced_Computer_Architecture/exercises/3rd/benchmarks/4.1/real/raw/tas_ts/threads_2/grain_1/repeat_5.stderr.txt
ttas_cas,2,50000000,1,1,"0,2",3.434644000000,100000000,/home/peppaspan/NTUA-Advanced_Computer_Architecture/exercises/3rd/benchmarks/4.1/real/raw/ttas_cas/threads_2/grain_1/repeat_1.stdout.txt,/home/peppaspan/NTUA-Advanced_Computer_Architecture/exercises/3rd/benchmarks/4.1/real/raw/ttas_cas/threads_2/grain_1/repeat_1.stderr.txt
ttas_cas,2,50000000,1,2,"0,2",3.715363000000,100000000,/home/peppaspan/NTUA-Advanced_Computer_Architecture/exercises/3rd/benchmarks/4.1/real/raw/ttas_cas/threads_2/grain_1/repeat_2.stdout.txt,/home/peppaspan/NTUA-Advanced_Computer_Architecture/exercises/3rd/benchmarks/4.1/real/raw/ttas_cas/threads_2/grain_1/repeat_2.stderr.txt
ttas_cas,2,50000000,1,3,"0,2",3.815105000000,100000000,/home/peppaspan/NTUA-Advanced_Computer_Architecture/exercises/3rd/benchmarks/4.1/real/raw/ttas_cas/threads_2/grain_1/repeat_3.stdout.txt,/home/peppaspan/NTUA-Advanced_Computer_Architecture/exercises/3rd/benchmarks/4.1/real/raw/ttas_cas/threads_2/grain_1/repeat_3.stderr.txt
ttas_cas,2,50000000,1,4,"0,2",3.657594000000,100000000,/home/peppaspan/NTUA-Advanced_Computer_Architecture/exercises/3rd/benchmarks/4.1/real/raw/ttas_cas/threads_2/grain_1/repeat_4.stdout.txt,/home/peppaspan/NTUA-Advanced_Computer_Architecture/exercises/3rd/benchmarks/4.1/real/raw/ttas_cas/threads_2/grain_1/repeat_4.stderr.txt
ttas_cas,2,50000000,1,5,"0,2",3.860722000000,100000000,/home/peppaspan/NTUA-Advanced_Computer_Architecture/exercises/3rd/benchmarks/4.1/real/raw/ttas_cas/threads_2/grain_1/repeat_5.stdout.txt,/home/peppaspan/NTUA-Advanced_Computer_Architecture/exercises/3rd/benchmarks/4.1/real/raw/ttas_cas/threads_2/grain_1/repeat_5.stderr.txt
ttas_ts,2,50000000,1,1,"0,2",3.935597000000,100000000,/home/peppaspan/NTUA-Advanced_Computer_Architecture/exercises/3rd/benchmarks/4.1/real/raw/ttas_ts/threads_2/grain_1/repeat_1.stdout.txt,/home/peppaspan/NTUA-Advanced_Computer_Architecture/exercises/3rd/benchmarks/4.1/real/raw/ttas_ts/threads_2/grain_1/repeat_1.stderr.txt
ttas_ts,2,50000000,1,2,"0,2",3.292498000000,100000000,/home/peppaspan/NTUA-Advanced_Computer_Architecture/exercises/3rd/benchmarks/4.1/real/raw/ttas_ts/threads_2/grain_1/repeat_2.stdout.txt,/home/peppaspan/NTUA-Advanced_Computer_Architecture/exercises/3rd/benchmarks/4.1/real/raw/ttas_ts/threads_2/grain_1/repeat_2.stderr.txt
ttas_ts,2,50000000,1,3,"0,2",3.202442000000,100000000,/home/peppaspan/NTUA-Advanced_Computer_Architecture/exercises/3rd/benchmarks/4.1/real/raw/ttas_ts/threads_2/grain_1/repeat_3.stdout.txt,/home/peppaspan/NTUA-Advanced_Computer_Architecture/exercises/3rd/benchmarks/4.1/real/raw/ttas_ts/threads_2/grain_1/repeat_3.stderr.txt
ttas_ts,2,50000000,1,4,"0,2",3.649147000000,100000000,/home/peppaspan/NTUA-Advanced_Computer_Architecture/exercises/3rd/benchmarks/4.1/real/raw/ttas_ts/threads_2/grain_1/repeat_4.stdout.txt,/home/peppaspan/NTUA-Advanced_Computer_Architecture/exercises/3rd/benchmarks/4.1/real/raw/ttas_ts/threads_2/grain_1/repeat_4.stderr.txt
ttas_ts,2,50000000,1,5,"0,2",3.891583000000,100000000,/home/peppaspan/NTUA-Advanced_Computer_Architecture/exercises/3rd/benchmarks/4.1/real/raw/ttas_ts/threads_2/grain_1/repeat_5.stdout.txt,/home/peppaspan/NTUA-Advanced_Computer_Architecture/exercises/3rd/benchmarks/4.1/real/raw/ttas_ts/threads_2/grain_1/repeat_5.stderr.txt
mutex,4,50000000,1,1,"0,2,4,6",9.352892000000,200000000,/home/peppaspan/NTUA-Advanced_Computer_Architecture/exercises/3rd/benchmarks/4.1/real/raw/mutex/threads_4/grain_1/repeat_1.stdout.txt,/home/peppaspan/NTUA-Advanced_Computer_Architecture/exercises/3rd/benchmarks/4.1/real/raw/mutex/threads_4/grain_1/repeat_1.stderr.txt
mutex,4,50000000,1,2,"0,2,4,6",9.514252000000,200000000,/home/peppaspan/NTUA-Advanced_Computer_Architecture/exercises/3rd/benchmarks/4.1/real/raw/mutex/threads_4/grain_1/repeat_2.stdout.txt,/home/peppaspan/NTUA-Advanced_Computer_Architecture/exercises/3rd/benchmarks/4.1/real/raw/mutex/threads_4/grain_1/repeat_2.stderr.txt
mutex,4,50000000,1,3,"0,2,4,6",9.620209000000,200000000,/home/peppaspan/NTUA-Advanced_Computer_Architecture/exercises/3rd/benchmarks/4.1/real/raw/mutex/threads_4/grain_1/repeat_3.stdout.txt,/home/peppaspan/NTUA-Advanced_Computer_Architecture/exercises/3rd/benchmarks/4.1/real/raw/mutex/threads_4/grain_1/repeat_3.stderr.txt
mutex,4,50000000,1,4,"0,2,4,6",9.369472000000,200000000,/home/peppaspan/NTUA-Advanced_Computer_Architecture/exercises/3rd/benchmarks/4.1/real/raw/mutex/threads_4/grain_1/repeat_4.stdout.txt,/home/peppaspan/NTUA-Advanced_Computer_Architecture/exercises/3rd/benchmarks/4.1/real/raw/mutex/threads_4/grain_1/repeat_4.stderr.txt
mutex,4,50000000,1,5,"0,2,4,6",9.679099000000,200000000,/home/peppaspan/NTUA-Advanced_Computer_Architecture/exercises/3rd/benchmarks/4.1/real/raw/mutex/threads_4/grain_1/repeat_5.stdout.txt,/home/peppaspan/NTUA-Advanced_Computer_Architecture/exercises/3rd/benchmarks/4.1/real/raw/mutex/threads_4/grain_1/repeat_5.stderr.txt
tas_cas,4,50000000,1,1,"0,2,4,6",14.892699000000,200000000,/home/peppaspan/NTUA-Advanced_Computer_Architecture/exercises/3rd/benchmarks/4.1/real/raw/tas_cas/threads_4/grain_1/repeat_1.stdout.txt,/home/peppaspan/NTUA-Advanced_Computer_Architecture/exercises/3rd/benchmarks/4.1/real/raw/tas_cas/threads_4/grain_1/repeat_1.stderr.txt
tas_cas,4,50000000,1,2,"0,2,4,6",13.921539000000,200000000,/home/peppaspan/NTUA-Advanced_Computer_Architecture/exercises/3rd/benchmarks/4.1/real/raw/tas_cas/threads_4/grain_1/repeat_2.stdout.txt,/home/peppaspan/NTUA-Advanced_Computer_Architecture/exercises/3rd/benchmarks/4.1/real/raw/tas_cas/threads_4/grain_1/repeat_2.stderr.txt
tas_cas,4,50000000,1,3,"0,2,4,6",14.353204000000,200000000,/home/peppaspan/NTUA-Advanced_Computer_Architecture/exercises/3rd/benchmarks/4.1/real/raw/tas_cas/threads_4/grain_1/repeat_3.stdout.txt,/home/peppaspan/NTUA-Advanced_Computer_Architecture/exercises/3rd/benchmarks/4.1/real/raw/tas_cas/threads_4/grain_1/repeat_3.stderr.txt
tas_cas,4,50000000,1,4,"0,2,4,6",15.379267000000,200000000,/home/peppaspan/NTUA-Advanced_Computer_Architecture/exercises/3rd/benchmarks/4.1/real/raw/tas_cas/threads_4/grain_1/repeat_4.stdout.txt,/home/peppaspan/NTUA-Advanced_Computer_Architecture/exercises/3rd/benchmarks/4.1/real/raw/tas_cas/threads_4/grain_1/repeat_4.stderr.txt
tas_cas,4,50000000,1,5,"0,2,4,6",14.022877000000,200000000,/home/peppaspan/NTUA-Advanced_Computer_Architecture/exercises/3rd/benchmarks/4.1/real/raw/tas_cas/threads_4/grain_1/repeat_5.stdout.txt,/home/peppaspan/NTUA-Advanced_Computer_Architecture/exercises/3rd/benchmarks/4.1/real/raw/tas_cas/threads_4/grain_1/repeat_5.stderr.txt
tas_ts,4,50000000,1,1,"0,2,4,6",16.330961000000,200000000,/home/peppaspan/NTUA-Advanced_Computer_Architecture/exercises/3rd/benchmarks/4.1/real/raw/tas_ts/threads_4/grain_1/repeat_1.stdout.txt,/home/peppaspan/NTUA-Advanced_Computer_Architecture/exercises/3rd/benchmarks/4.1/real/raw/tas_ts/threads_4/grain_1/repeat_1.stderr.txt
tas_ts,4,50000000,1,2,"0,2,4,6",12.454978000000,200000000,/home/peppaspan/NTUA-Advanced_Computer_Architecture/exercises/3rd/benchmarks/4.1/real/raw/tas_ts/threads_4/grain_1/repeat_2.stdout.txt,/home/peppaspan/NTUA-Advanced_Computer_Architecture/exercises/3rd/benchmarks/4.1/real/raw/tas_ts/threads_4/grain_1/repeat_2.stderr.txt
tas_ts,4,50000000,1,3,"0,2,4,6",12.312238000000,200000000,/home/peppaspan/NTUA-Advanced_Computer_Architecture/exercises/3rd/benchmarks/4.1/real/raw/tas_ts/threads_4/grain_1/repeat_3.stdout.txt,/home/peppaspan/NTUA-Advanced_Computer_Architecture/exercises/3rd/benchmarks/4.1/real/raw/tas_ts/threads_4/grain_1/repeat_3.stderr.txt
tas_ts,4,50000000,1,4,"0,2,4,6",11.532379000000,200000000,/home/peppaspan/NTUA-Advanced_Computer_Architecture/exercises/3rd/benchmarks/4.1/real/raw/tas_ts/threads_4/grain_1/repeat_4.stdout.txt,/home/peppaspan/NTUA-Advanced_Computer_Architecture/exercises/3rd/benchmarks/4.1/real/raw/tas_ts/threads_4/grain_1/repeat_4.stderr.txt
tas_ts,4,50000000,1,5,"0,2,4,6",13.284789000000,200000000,/home/peppaspan/NTUA-Advanced_Computer_Architecture/exercises/3rd/benchmarks/4.1/real/raw/tas_ts/threads_4/grain_1/repeat_5.stdout.txt,/home/peppaspan/NTUA-Advanced_Computer_Architecture/exercises/3rd/benchmarks/4.1/real/raw/tas_ts/threads_4/grain_1/repeat_5.stderr.txt
ttas_cas,4,50000000,1,1,"0,2,4,6",12.562156000000,200000000,/home/peppaspan/NTUA-Advanced_Computer_Architecture/exercises/3rd/benchmarks/4.1/real/raw/ttas_cas/threads_4/grain_1/repeat_1.stdout.txt,/home/peppaspan/NTUA-Advanced_Computer_Architecture/exercises/3rd/benchmarks/4.1/real/raw/ttas_cas/threads_4/grain_1/repeat_1.stderr.txt
ttas_cas,4,50000000,1,2,"0,2,4,6",12.367053000000,200000000,/home/peppaspan/NTUA-Advanced_Computer_Architecture/exercises/3rd/benchmarks/4.1/real/raw/ttas_cas/threads_4/grain_1/repeat_2.stdout.txt,/home/peppaspan/NTUA-Advanced_Computer_Architecture/exercises/3rd/benchmarks/4.1/real/raw/ttas_cas/threads_4/grain_1/repeat_2.stderr.txt
ttas_cas,4,50000000,1,3,"0,2,4,6",12.603342000000,200000000,/home/peppaspan/NTUA-Advanced_Computer_Architecture/exercises/3rd/benchmarks/4.1/real/raw/ttas_cas/threads_4/grain_1/repeat_3.stdout.txt,/home/peppaspan/NTUA-Advanced_Computer_Architecture/exercises/3rd/benchmarks/4.1/real/raw/ttas_cas/threads_4/grain_1/repeat_3.stderr.txt
ttas_cas,4,50000000,1,4,"0,2,4,6",12.571901000000,200000000,/home/peppaspan/NTUA-Advanced_Computer_Architecture/exercises/3rd/benchmarks/4.1/real/raw/ttas_cas/threads_4/grain_1/repeat_4.stdout.txt,/home/peppaspan/NTUA-Advanced_Computer_Architecture/exercises/3rd/benchmarks/4.1/real/raw/ttas_cas/threads_4/grain_1/repeat_4.stderr.txt
ttas_cas,4,50000000,1,5,"0,2,4,6",14.074234000000,200000000,/home/peppaspan/NTUA-Advanced_Computer_Architecture/exercises/3rd/benchmarks/4.1/real/raw/ttas_cas/threads_4/grain_1/repeat_5.stdout.txt,/home/peppaspan/NTUA-Advanced_Computer_Architecture/exercises/3rd/benchmarks/4.1/real/raw/ttas_cas/threads_4/grain_1/repeat_5.stderr.txt
ttas_ts,4,50000000,1,1,"0,2,4,6",14.483348000000,200000000,/home/peppaspan/NTUA-Advanced_Computer_Architecture/exercises/3rd/benchmarks/4.1/real/raw/ttas_ts/threads_4/grain_1/repeat_1.stdout.txt,/home/peppaspan/NTUA-Advanced_Computer_Architecture/exercises/3rd/benchmarks/4.1/real/raw/ttas_ts/threads_4/grain_1/repeat_1.stderr.txt
ttas_ts,4,50000000,1,2,"0,2,4,6",14.556869000000,200000000,/home/peppaspan/NTUA-Advanced_Computer_Architecture/exercises/3rd/benchmarks/4.1/real/raw/ttas_ts/threads_4/grain_1/repeat_2.stdout.txt,/home/peppaspan/NTUA-Advanced_Computer_Architecture/exercises/3rd/benchmarks/4.1/real/raw/ttas_ts/threads_4/grain_1/repeat_2.stderr.txt
ttas_ts,4,50000000,1,3,"0,2,4,6",14.595089000000,200000000,/home/peppaspan/NTUA-Advanced_Computer_Architecture/exercises/3rd/benchmarks/4.1/real/raw/ttas_ts/threads_4/grain_1/repeat_3.stdout.txt,/home/peppaspan/NTUA-Advanced_Computer_Architecture/exercises/3rd/benchmarks/4.1/real/raw/ttas_ts/threads_4/grain_1/repeat_3.stderr.txt
ttas_ts,4,50000000,1,4,"0,2,4,6",13.568347000000,200000000,/home/peppaspan/NTUA-Advanced_Computer_Architecture/exercises/3rd/benchmarks/4.1/real/raw/ttas_ts/threads_4/grain_1/repeat_4.stdout.txt,/home/peppaspan/NTUA-Advanced_Computer_Architecture/exercises/3rd/benchmarks/4.1/real/raw/ttas_ts/threads_4/grain_1/repeat_4.stderr.txt
ttas_ts,4,50000000,1,5,"0,2,4,6",12.267918000000,200000000,/home/peppaspan/NTUA-Advanced_Computer_Architecture/exercises/3rd/benchmarks/4.1/real/raw/ttas_ts/threads_4/grain_1/repeat_5.stdout.txt,/home/peppaspan/NTUA-Advanced_Computer_Architecture/exercises/3rd/benchmarks/4.1/real/raw/ttas_ts/threads_4/grain_1/repeat_5.stderr.txt
mutex,8,50000000,1,1,"0,2,4,6,8,10,12,14",19.010152000000,400000000,/home/peppaspan/NTUA-Advanced_Computer_Architecture/exercises/3rd/benchmarks/4.1/real/raw/mutex/threads_8/grain_1/repeat_1.stdout.txt,/home/peppaspan/NTUA-Advanced_Computer_Architecture/exercises/3rd/benchmarks/4.1/real/raw/mutex/threads_8/grain_1/repeat_1.stderr.txt
mutex,8,50000000,1,2,"0,2,4,6,8,10,12,14",21.000796000000,400000000,/home/peppaspan/NTUA-Advanced_Computer_Architecture/exercises/3rd/benchmarks/4.1/real/raw/mutex/threads_8/grain_1/repeat_2.stdout.txt,/home/peppaspan/NTUA-Advanced_Computer_Architecture/exercises/3rd/benchmarks/4.1/real/raw/mutex/threads_8/grain_1/repeat_2.stderr.txt
mutex,8,50000000,1,3,"0,2,4,6,8,10,12,14",20.824775000000,400000000,/home/peppaspan/NTUA-Advanced_Computer_Architecture/exercises/3rd/benchmarks/4.1/real/raw/mutex/threads_8/grain_1/repeat_3.stdout.txt,/home/peppaspan/NTUA-Advanced_Computer_Architecture/exercises/3rd/benchmarks/4.1/real/raw/mutex/threads_8/grain_1/repeat_3.stderr.txt
mutex,8,50000000,1,4,"0,2,4,6,8,10,12,14",20.908853000000,400000000,/home/peppaspan/NTUA-Advanced_Computer_Architecture/exercises/3rd/benchmarks/4.1/real/raw/mutex/threads_8/grain_1/repeat_4.stdout.txt,/home/peppaspan/NTUA-Advanced_Computer_Architecture/exercises/3rd/benchmarks/4.1/real/raw/mutex/threads_8/grain_1/repeat_4.stderr.txt
mutex,8,50000000,1,5,"0,2,4,6,8,10,12,14",22.291668000000,400000000,/home/peppaspan/NTUA-Advanced_Computer_Architecture/exercises/3rd/benchmarks/4.1/real/raw/mutex/threads_8/grain_1/repeat_5.stdout.txt,/home/peppaspan/NTUA-Advanced_Computer_Architecture/exercises/3rd/benchmarks/4.1/real/raw/mutex/threads_8/grain_1/repeat_5.stderr.txt
tas_cas,8,50000000,1,1,"0,2,4,6,8,10,12,14",47.523549000000,400000000,/home/peppaspan/NTUA-Advanced_Computer_Architecture/exercises/3rd/benchmarks/4.1/real/raw/tas_cas/threads_8/grain_1/repeat_1.stdout.txt,/home/peppaspan/NTUA-Advanced_Computer_Architecture/exercises/3rd/benchmarks/4.1/real/raw/tas_cas/threads_8/grain_1/repeat_1.stderr.txt
tas_cas,8,50000000,1,2,"0,2,4,6,8,10,12,14",48.533048000000,400000000,/home/peppaspan/NTUA-Advanced_Computer_Architecture/exercises/3rd/benchmarks/4.1/real/raw/tas_cas/threads_8/grain_1/repeat_2.stdout.txt,/home/peppaspan/NTUA-Advanced_Computer_Architecture/exercises/3rd/benchmarks/4.1/real/raw/tas_cas/threads_8/grain_1/repeat_2.stderr.txt
tas_cas,8,50000000,1,3,"0,2,4,6,8,10,12,14",55.142507000000,400000000,/home/peppaspan/NTUA-Advanced_Computer_Architecture/exercises/3rd/benchmarks/4.1/real/raw/tas_cas/threads_8/grain_1/repeat_3.stdout.txt,/home/peppaspan/NTUA-Advanced_Computer_Architecture/exercises/3rd/benchmarks/4.1/real/raw/tas_cas/threads_8/grain_1/repeat_3.stderr.txt
tas_cas,8,50000000,1,4,"0,2,4,6,8,10,12,14",40.732706000000,400000000,/home/peppaspan/NTUA-Advanced_Computer_Architecture/exercises/3rd/benchmarks/4.1/real/raw/tas_cas/threads_8/grain_1/repeat_4.stdout.txt,/home/peppaspan/NTUA-Advanced_Computer_Architecture/exercises/3rd/benchmarks/4.1/real/raw/tas_cas/threads_8/grain_1/repeat_4.stderr.txt
tas_cas,8,50000000,1,5,"0,2,4,6,8,10,12,14",41.885019000000,400000000,/home/peppaspan/NTUA-Advanced_Computer_Architecture/exercises/3rd/benchmarks/4.1/real/raw/tas_cas/threads_8/grain_1/repeat_5.stdout.txt,/home/peppaspan/NTUA-Advanced_Computer_Architecture/exercises/3rd/benchmarks/4.1/real/raw/tas_cas/threads_8/grain_1/repeat_5.stderr.txt
tas_ts,8,50000000,1,1,"0,2,4,6,8,10,12,14",37.450417000000,400000000,/home/peppaspan/NTUA-Advanced_Computer_Architecture/exercises/3rd/benchmarks/4.1/real/raw/tas_ts/threads_8/grain_1/repeat_1.stdout.txt,/home/peppaspan/NTUA-Advanced_Computer_Architecture/exercises/3rd/benchmarks/4.1/real/raw/tas_ts/threads_8/grain_1/repeat_1.stderr.txt
tas_ts,8,50000000,1,2,"0,2,4,6,8,10,12,14",53.704676000000,400000000,/home/peppaspan/NTUA-Advanced_Computer_Architecture/exercises/3rd/benchmarks/4.1/real/raw/tas_ts/threads_8/grain_1/repeat_2.stdout.txt,/home/peppaspan/NTUA-Advanced_Computer_Architecture/exercises/3rd/benchmarks/4.1/real/raw/tas_ts/threads_8/grain_1/repeat_2.stderr.txt
tas_ts,8,50000000,1,3,"0,2,4,6,8,10,12,14",36.185565000000,400000000,/home/peppaspan/NTUA-Advanced_Computer_Architecture/exercises/3rd/benchmarks/4.1/real/raw/tas_ts/threads_8/grain_1/repeat_3.stdout.txt,/home/peppaspan/NTUA-Advanced_Computer_Architecture/exercises/3rd/benchmarks/4.1/real/raw/tas_ts/threads_8/grain_1/repeat_3.stderr.txt
tas_ts,8,50000000,1,4,"0,2,4,6,8,10,12,14",42.430114000000,400000000,/home/peppaspan/NTUA-Advanced_Computer_Architecture/exercises/3rd/benchmarks/4.1/real/raw/tas_ts/threads_8/grain_1/repeat_4.stdout.txt,/home/peppaspan/NTUA-Advanced_Computer_Architecture/exercises/3rd/benchmarks/4.1/real/raw/tas_ts/threads_8/grain_1/repeat_4.stderr.txt
tas_ts,8,50000000,1,5,"0,2,4,6,8,10,12,14",49.994017000000,400000000,/home/peppaspan/NTUA-Advanced_Computer_Architecture/exercises/3rd/benchmarks/4.1/real/raw/tas_ts/threads_8/grain_1/repeat_5.stdout.txt,/home/peppaspan/NTUA-Advanced_Computer_Architecture/exercises/3rd/benchmarks/4.1/real/raw/tas_ts/threads_8/grain_1/repeat_5.stderr.txt
ttas_cas,8,50000000,1,1,"0,2,4,6,8,10,12,14",42.860307000000,400000000,/home/peppaspan/NTUA-Advanced_Computer_Architecture/exercises/3rd/benchmarks/4.1/real/raw/ttas_cas/threads_8/grain_1/repeat_1.stdout.txt,/home/peppaspan/NTUA-Advanced_Computer_Architecture/exercises/3rd/benchmarks/4.1/real/raw/ttas_cas/threads_8/grain_1/repeat_1.stderr.txt
ttas_cas,8,50000000,1,2,"0,2,4,6,8,10,12,14",43.979758000000,400000000,/home/peppaspan/NTUA-Advanced_Computer_Architecture/exercises/3rd/benchmarks/4.1/real/raw/ttas_cas/threads_8/grain_1/repeat_2.stdout.txt,/home/peppaspan/NTUA-Advanced_Computer_Architecture/exercises/3rd/benchmarks/4.1/real/raw/ttas_cas/threads_8/grain_1/repeat_2.stderr.txt
ttas_cas,8,50000000,1,3,"0,2,4,6,8,10,12,14",33.119133000000,400000000,/home/peppaspan/NTUA-Advanced_Computer_Architecture/exercises/3rd/benchmarks/4.1/real/raw/ttas_cas/threads_8/grain_1/repeat_3.stdout.txt,/home/peppaspan/NTUA-Advanced_Computer_Architecture/exercises/3rd/benchmarks/4.1/real/raw/ttas_cas/threads_8/grain_1/repeat_3.stderr.txt
ttas_cas,8,50000000,1,4,"0,2,4,6,8,10,12,14",41.502087000000,400000000,/home/peppaspan/NTUA-Advanced_Computer_Architecture/exercises/3rd/benchmarks/4.1/real/raw/ttas_cas/threads_8/grain_1/repeat_4.stdout.txt,/home/peppaspan/NTUA-Advanced_Computer_Architecture/exercises/3rd/benchmarks/4.1/real/raw/ttas_cas/threads_8/grain_1/repeat_4.stderr.txt
ttas_cas,8,50000000,1,5,"0,2,4,6,8,10,12,14",36.267208000000,400000000,/home/peppaspan/NTUA-Advanced_Computer_Architecture/exercises/3rd/benchmarks/4.1/real/raw/ttas_cas/threads_8/grain_1/repeat_5.stdout.txt,/home/peppaspan/NTUA-Advanced_Computer_Architecture/exercises/3rd/benchmarks/4.1/real/raw/ttas_cas/threads_8/grain_1/repeat_5.stderr.txt
ttas_ts,8,50000000,1,1,"0,2,4,6,8,10,12,14",36.316803000000,400000000,/home/peppaspan/NTUA-Advanced_Computer_Architecture/exercises/3rd/benchmarks/4.1/real/raw/ttas_ts/threads_8/grain_1/repeat_1.stdout.txt,/home/peppaspan/NTUA-Advanced_Computer_Architecture/exercises/3rd/benchmarks/4.1/real/raw/ttas_ts/threads_8/grain_1/repeat_1.stderr.txt
ttas_ts,8,50000000,1,2,"0,2,4,6,8,10,12,14",34.203692000000,400000000,/home/peppaspan/NTUA-Advanced_Computer_Architecture/exercises/3rd/benchmarks/4.1/real/raw/ttas_ts/threads_8/grain_1/repeat_2.stdout.txt,/home/peppaspan/NTUA-Advanced_Computer_Architecture/exercises/3rd/benchmarks/4.1/real/raw/ttas_ts/threads_8/grain_1/repeat_2.stderr.txt
ttas_ts,8,50000000,1,3,"0,2,4,6,8,10,12,14",33.591975000000,400000000,/home/peppaspan/NTUA-Advanced_Computer_Architecture/exercises/3rd/benchmarks/4.1/real/raw/ttas_ts/threads_8/grain_1/repeat_3.stdout.txt,/home/peppaspan/NTUA-Advanced_Computer_Architecture/exercises/3rd/benchmarks/4.1/real/raw/ttas_ts/threads_8/grain_1/repeat_3.stderr.txt
ttas_ts,8,50000000,1,4,"0,2,4,6,8,10,12,14",40.060446000000,400000000,/home/peppaspan/NTUA-Advanced_Computer_Architecture/exercises/3rd/benchmarks/4.1/real/raw/ttas_ts/threads_8/grain_1/repeat_4.stdout.txt,/home/peppaspan/NTUA-Advanced_Computer_Architecture/exercises/3rd/benchmarks/4.1/real/raw/ttas_ts/threads_8/grain_1/repeat_4.stderr.txt
ttas_ts,8,50000000,1,5,"0,2,4,6,8,10,12,14",41.357436000000,400000000,/home/peppaspan/NTUA-Advanced_Computer_Architecture/exercises/3rd/benchmarks/4.1/real/raw/ttas_ts/threads_8/grain_1/repeat_5.stdout.txt,/home/peppaspan/NTUA-Advanced_Computer_Architecture/exercises/3rd/benchmarks/4.1/real/raw/ttas_ts/threads_8/grain_1/repeat_5.stderr.txt
mutex,16,50000000,1,1,"0,2,4,6,8,10,12,14,16,17,18,19,20,21,22,23",57.403285000000,800000000,/home/peppaspan/NTUA-Advanced_Computer_Architecture/exercises/3rd/benchmarks/4.1/real/raw/mutex/threads_16/grain_1/repeat_1.stdout.txt,/home/peppaspan/NTUA-Advanced_Computer_Architecture/exercises/3rd/benchmarks/4.1/real/raw/mutex/threads_16/grain_1/repeat_1.stderr.txt
mutex,16,50000000,1,2,"0,2,4,6,8,10,12,14,16,17,18,19,20,21,22,23",51.925405000000,800000000,/home/peppaspan/NTUA-Advanced_Computer_Architecture/exercises/3rd/benchmarks/4.1/real/raw/mutex/threads_16/grain_1/repeat_2.stdout.txt,/home/peppaspan/NTUA-Advanced_Computer_Architecture/exercises/3rd/benchmarks/4.1/real/raw/mutex/threads_16/grain_1/repeat_2.stderr.txt
mutex,16,50000000,1,3,"0,2,4,6,8,10,12,14,16,17,18,19,20,21,22,23",58.871284000000,800000000,/home/peppaspan/NTUA-Advanced_Computer_Architecture/exercises/3rd/benchmarks/4.1/real/raw/mutex/threads_16/grain_1/repeat_3.stdout.txt,/home/peppaspan/NTUA-Advanced_Computer_Architecture/exercises/3rd/benchmarks/4.1/real/raw/mutex/threads_16/grain_1/repeat_3.stderr.txt
mutex,16,50000000,1,4,"0,2,4,6,8,10,12,14,16,17,18,19,20,21,22,23",54.877071000000,800000000,/home/peppaspan/NTUA-Advanced_Computer_Architecture/exercises/3rd/benchmarks/4.1/real/raw/mutex/threads_16/grain_1/repeat_4.stdout.txt,/home/peppaspan/NTUA-Advanced_Computer_Architecture/exercises/3rd/benchmarks/4.1/real/raw/mutex/threads_16/grain_1/repeat_4.stderr.txt
mutex,16,50000000,1,5,"0,2,4,6,8,10,12,14,16,17,18,19,20,21,22,23",50.281476000000,800000000,/home/peppaspan/NTUA-Advanced_Computer_Architecture/exercises/3rd/benchmarks/4.1/real/raw/mutex/threads_16/grain_1/repeat_5.stdout.txt,/home/peppaspan/NTUA-Advanced_Computer_Architecture/exercises/3rd/benchmarks/4.1/real/raw/mutex/threads_16/grain_1/repeat_5.stderr.txt
tas_cas,16,50000000,1,1,"0,2,4,6,8,10,12,14,16,17,18,19,20,21,22,23",226.879379000000,800000000,/home/peppaspan/NTUA-Advanced_Computer_Architecture/exercises/3rd/benchmarks/4.1/real/raw/tas_cas/threads_16/grain_1/repeat_1.stdout.txt,/home/peppaspan/NTUA-Advanced_Computer_Architecture/exercises/3rd/benchmarks/4.1/real/raw/tas_cas/threads_16/grain_1/repeat_1.stderr.txt
tas_cas,16,50000000,1,2,"0,2,4,6,8,10,12,14,16,17,18,19,20,21,22,23",231.940666000000,800000000,/home/peppaspan/NTUA-Advanced_Computer_Architecture/exercises/3rd/benchmarks/4.1/real/raw/tas_cas/threads_16/grain_1/repeat_2.stdout.txt,/home/peppaspan/NTUA-Advanced_Computer_Architecture/exercises/3rd/benchmarks/4.1/real/raw/tas_cas/threads_16/grain_1/repeat_2.stderr.txt
tas_cas,16,50000000,1,3,"0,2,4,6,8,10,12,14,16,17,18,19,20,21,22,23",255.156355000000,800000000,/home/peppaspan/NTUA-Advanced_Computer_Architecture/exercises/3rd/benchmarks/4.1/real/raw/tas_cas/threads_16/grain_1/repeat_3.stdout.txt,/home/peppaspan/NTUA-Advanced_Computer_Architecture/exercises/3rd/benchmarks/4.1/real/raw/tas_cas/threads_16/grain_1/repeat_3.stderr.txt
tas_cas,16,50000000,1,4,"0,2,4,6,8,10,12,14,16,17,18,19,20,21,22,23",226.190911000000,800000000,/home/peppaspan/NTUA-Advanced_Computer_Architecture/exercises/3rd/benchmarks/4.1/real/raw/tas_cas/threads_16/grain_1/repeat_4.stdout.txt,/home/peppaspan/NTUA-Advanced_Computer_Architecture/exercises/3rd/benchmarks/4.1/real/raw/tas_cas/threads_16/grain_1/repeat_4.stderr.txt
tas_cas,16,50000000,1,5,"0,2,4,6,8,10,12,14,16,17,18,19,20,21,22,23",257.127362000000,800000000,/home/peppaspan/NTUA-Advanced_Computer_Architecture/exercises/3rd/benchmarks/4.1/real/raw/tas_cas/threads_16/grain_1/repeat_5.stdout.txt,/home/peppaspan/NTUA-Advanced_Computer_Architecture/exercises/3rd/benchmarks/4.1/real/raw/tas_cas/threads_16/grain_1/repeat_5.stderr.txt
tas_ts,16,50000000,1,1,"0,2,4,6,8,10,12,14,16,17,18,19,20,21,22,23",274.306179000000,800000000,/home/peppaspan/NTUA-Advanced_Computer_Architecture/exercises/3rd/benchmarks/4.1/real/raw/tas_ts/threads_16/grain_1/repeat_1.stdout.txt,/home/peppaspan/NTUA-Advanced_Computer_Architecture/exercises/3rd/benchmarks/4.1/real/raw/tas_ts/threads_16/grain_1/repeat_1.stderr.txt
tas_ts,16,50000000,1,2,"0,2,4,6,8,10,12,14,16,17,18,19,20,21,22,23",265.564142000000,800000000,/home/peppaspan/NTUA-Advanced_Computer_Architecture/exercises/3rd/benchmarks/4.1/real/raw/tas_ts/threads_16/grain_1/repeat_2.stdout.txt,/home/peppaspan/NTUA-Advanced_Computer_Architecture/exercises/3rd/benchmarks/4.1/real/raw/tas_ts/threads_16/grain_1/repeat_2.stderr.txt
tas_ts,16,50000000,1,3,"0,2,4,6,8,10,12,14,16,17,18,19,20,21,22,23",204.806532000000,800000000,/home/peppaspan/NTUA-Advanced_Computer_Architecture/exercises/3rd/benchmarks/4.1/real/raw/tas_ts/threads_16/grain_1/repeat_3.stdout.txt,/home/peppaspan/NTUA-Advanced_Computer_Architecture/exercises/3rd/benchmarks/4.1/real/raw/tas_ts/threads_16/grain_1/repeat_3.stderr.txt
tas_ts,16,50000000,1,4,"0,2,4,6,8,10,12,14,16,17,18,19,20,21,22,23",205.785714000000,800000000,/home/peppaspan/NTUA-Advanced_Computer_Architecture/exercises/3rd/benchmarks/4.1/real/raw/tas_ts/threads_16/grain_1/repeat_4.stdout.txt,/home/peppaspan/NTUA-Advanced_Computer_Architecture/exercises/3rd/benchmarks/4.1/real/raw/tas_ts/threads_16/grain_1/repeat_4.stderr.txt
tas_ts,16,50000000,1,5,"0,2,4,6,8,10,12,14,16,17,18,19,20,21,22,23",255.509693000000,800000000,/home/peppaspan/NTUA-Advanced_Computer_Architecture/exercises/3rd/benchmarks/4.1/real/raw/tas_ts/threads_16/grain_1/repeat_5.stdout.txt,/home/peppaspan/NTUA-Advanced_Computer_Architecture/exercises/3rd/benchmarks/4.1/real/raw/tas_ts/threads_16/grain_1/repeat_5.stderr.txt
ttas_cas,16,50000000,1,1,"0,2,4,6,8,10,12,14,16,17,18,19,20,21,22,23",124.624250000000,800000000,/home/peppaspan/NTUA-Advanced_Computer_Architecture/exercises/3rd/benchmarks/4.1/real/raw/ttas_cas/threads_16/grain_1/repeat_1.stdout.txt,/home/peppaspan/NTUA-Advanced_Computer_Architecture/exercises/3rd/benchmarks/4.1/real/raw/ttas_cas/threads_16/grain_1/repeat_1.stderr.txt
ttas_cas,16,50000000,1,2,"0,2,4,6,8,10,12,14,16,17,18,19,20,21,22,23",125.120595000000,800000000,/home/peppaspan/NTUA-Advanced_Computer_Architecture/exercises/3rd/benchmarks/4.1/real/raw/ttas_cas/threads_16/grain_1/repeat_2.stdout.txt,/home/peppaspan/NTUA-Advanced_Computer_Architecture/exercises/3rd/benchmarks/4.1/real/raw/ttas_cas/threads_16/grain_1/repeat_2.stderr.txt
ttas_cas,16,50000000,1,3,"0,2,4,6,8,10,12,14,16,17,18,19,20,21,22,23",112.617907000000,800000000,/home/peppaspan/NTUA-Advanced_Computer_Architecture/exercises/3rd/benchmarks/4.1/real/raw/ttas_cas/threads_16/grain_1/repeat_3.stdout.txt,/home/peppaspan/NTUA-Advanced_Computer_Architecture/exercises/3rd/benchmarks/4.1/real/raw/ttas_cas/threads_16/grain_1/repeat_3.stderr.txt
ttas_cas,16,50000000,1,4,"0,2,4,6,8,10,12,14,16,17,18,19,20,21,22,23",133.914967000000,800000000,/home/peppaspan/NTUA-Advanced_Computer_Architecture/exercises/3rd/benchmarks/4.1/real/raw/ttas_cas/threads_16/grain_1/repeat_4.stdout.txt,/home/peppaspan/NTUA-Advanced_Computer_Architecture/exercises/3rd/benchmarks/4.1/real/raw/ttas_cas/threads_16/grain_1/repeat_4.stderr.txt
ttas_cas,16,50000000,1,5,"0,2,4,6,8,10,12,14,16,17,18,19,20,21,22,23",141.522433000000,800000000,/home/peppaspan/NTUA-Advanced_Computer_Architecture/exercises/3rd/benchmarks/4.1/real/raw/ttas_cas/threads_16/grain_1/repeat_5.stdout.txt,/home/peppaspan/NTUA-Advanced_Computer_Architecture/exercises/3rd/benchmarks/4.1/real/raw/ttas_cas/threads_16/grain_1/repeat_5.stderr.txt
ttas_ts,16,50000000,1,1,"0,2,4,6,8,10,12,14,16,17,18,19,20,21,22,23",136.358652000000,800000000,/home/peppaspan/NTUA-Advanced_Computer_Architecture/exercises/3rd/benchmarks/4.1/real/raw/ttas_ts/threads_16/grain_1/repeat_1.stdout.txt,/home/peppaspan/NTUA-Advanced_Computer_Architecture/exercises/3rd/benchmarks/4.1/real/raw/ttas_ts/threads_16/grain_1/repeat_1.stderr.txt
ttas_ts,16,50000000,1,2,"0,2,4,6,8,10,12,14,16,17,18,19,20,21,22,23",119.602134000000,800000000,/home/peppaspan/NTUA-Advanced_Computer_Architecture/exercises/3rd/benchmarks/4.1/real/raw/ttas_ts/threads_16/grain_1/repeat_2.stdout.txt,/home/peppaspan/NTUA-Advanced_Computer_Architecture/exercises/3rd/benchmarks/4.1/real/raw/ttas_ts/threads_16/grain_1/repeat_2.stderr.txt
ttas_ts,16,50000000,1,3,"0,2,4,6,8,10,12,14,16,17,18,19,20,21,22,23",140.188683000000,800000000,/home/peppaspan/NTUA-Advanced_Computer_Architecture/exercises/3rd/benchmarks/4.1/real/raw/ttas_ts/threads_16/grain_1/repeat_3.stdout.txt,/home/peppaspan/NTUA-Advanced_Computer_Architecture/exercises/3rd/benchmarks/4.1/real/raw/ttas_ts/threads_16/grain_1/repeat_3.stderr.txt
ttas_ts,16,50000000,1,4,"0,2,4,6,8,10,12,14,16,17,18,19,20,21,22,23",139.113404000000,800000000,/home/peppaspan/NTUA-Advanced_Computer_Architecture/exercises/3rd/benchmarks/4.1/real/raw/ttas_ts/threads_16/grain_1/repeat_4.stdout.txt,/home/peppaspan/NTUA-Advanced_Computer_Architecture/exercises/3rd/benchmarks/4.1/real/raw/ttas_ts/threads_16/grain_1/repeat_4.stderr.txt
ttas_ts,16,50000000,1,5,"0,2,4,6,8,10,12,14,16,17,18,19,20,21,22,23",132.668452000000,800000000,/home/peppaspan/NTUA-Advanced_Computer_Architecture/exercises/3rd/benchmarks/4.1/real/raw/ttas_ts/threads_16/grain_1/repeat_5.stdout.txt,/home/peppaspan/NTUA-Advanced_Computer_Architecture/exercises/3rd/benchmarks/4.1/real/raw/ttas_ts/threads_16/grain_1/repeat_5.stderr.txt
mutex,1,50000000,10,1,0,1.270058000000,50000000,/home/peppaspan/NTUA-Advanced_Computer_Architecture/exercises/3rd/benchmarks/4.1/real/raw/mutex/threads_1/grain_10/repeat_1.stdout.txt,/home/peppaspan/NTUA-Advanced_Computer_Architecture/exercises/3rd/benchmarks/4.1/real/raw/mutex/threads_1/grain_10/repeat_1.stderr.txt
mutex,1,50000000,10,2,0,1.276141000000,50000000,/home/peppaspan/NTUA-Advanced_Computer_Architecture/exercises/3rd/benchmarks/4.1/real/raw/mutex/threads_1/grain_10/repeat_2.stdout.txt,/home/peppaspan/NTUA-Advanced_Computer_Architecture/exercises/3rd/benchmarks/4.1/real/raw/mutex/threads_1/grain_10/repeat_2.stderr.txt
mutex,1,50000000,10,3,0,1.269037000000,50000000,/home/peppaspan/NTUA-Advanced_Computer_Architecture/exercises/3rd/benchmarks/4.1/real/raw/mutex/threads_1/grain_10/repeat_3.stdout.txt,/home/peppaspan/NTUA-Advanced_Computer_Architecture/exercises/3rd/benchmarks/4.1/real/raw/mutex/threads_1/grain_10/repeat_3.stderr.txt
mutex,1,50000000,10,4,0,1.275556000000,50000000,/home/peppaspan/NTUA-Advanced_Computer_Architecture/exercises/3rd/benchmarks/4.1/real/raw/mutex/threads_1/grain_10/repeat_4.stdout.txt,/home/peppaspan/NTUA-Advanced_Computer_Architecture/exercises/3rd/benchmarks/4.1/real/raw/mutex/threads_1/grain_10/repeat_4.stderr.txt
mutex,1,50000000,10,5,0,1.269324000000,50000000,/home/peppaspan/NTUA-Advanced_Computer_Architecture/exercises/3rd/benchmarks/4.1/real/raw/mutex/threads_1/grain_10/repeat_5.stdout.txt,/home/peppaspan/NTUA-Advanced_Computer_Architecture/exercises/3rd/benchmarks/4.1/real/raw/mutex/threads_1/grain_10/repeat_5.stderr.txt
tas_cas,1,50000000,10,1,0,1.016642000000,50000000,/home/peppaspan/NTUA-Advanced_Computer_Architecture/exercises/3rd/benchmarks/4.1/real/raw/tas_cas/threads_1/grain_10/repeat_1.stdout.txt,/home/peppaspan/NTUA-Advanced_Computer_Architecture/exercises/3rd/benchmarks/4.1/real/raw/tas_cas/threads_1/grain_10/repeat_1.stderr.txt
tas_cas,1,50000000,10,2,0,1.007908000000,50000000,/home/peppaspan/NTUA-Advanced_Computer_Architecture/exercises/3rd/benchmarks/4.1/real/raw/tas_cas/threads_1/grain_10/repeat_2.stdout.txt,/home/peppaspan/NTUA-Advanced_Computer_Architecture/exercises/3rd/benchmarks/4.1/real/raw/tas_cas/threads_1/grain_10/repeat_2.stderr.txt
tas_cas,1,50000000,10,3,0,1.022487000000,50000000,/home/peppaspan/NTUA-Advanced_Computer_Architecture/exercises/3rd/benchmarks/4.1/real/raw/tas_cas/threads_1/grain_10/repeat_3.stdout.txt,/home/peppaspan/NTUA-Advanced_Computer_Architecture/exercises/3rd/benchmarks/4.1/real/raw/tas_cas/threads_1/grain_10/repeat_3.stderr.txt
tas_cas,1,50000000,10,4,0,1.024048000000,50000000,/home/peppaspan/NTUA-Advanced_Computer_Architecture/exercises/3rd/benchmarks/4.1/real/raw/tas_cas/threads_1/grain_10/repeat_4.stdout.txt,/home/peppaspan/NTUA-Advanced_Computer_Architecture/exercises/3rd/benchmarks/4.1/real/raw/tas_cas/threads_1/grain_10/repeat_4.stderr.txt
tas_cas,1,50000000,10,5,0,1.027451000000,50000000,/home/peppaspan/NTUA-Advanced_Computer_Architecture/exercises/3rd/benchmarks/4.1/real/raw/tas_cas/threads_1/grain_10/repeat_5.stdout.txt,/home/peppaspan/NTUA-Advanced_Computer_Architecture/exercises/3rd/benchmarks/4.1/real/raw/tas_cas/threads_1/grain_10/repeat_5.stderr.txt
tas_ts,1,50000000,10,1,0,1.023168000000,50000000,/home/peppaspan/NTUA-Advanced_Computer_Architecture/exercises/3rd/benchmarks/4.1/real/raw/tas_ts/threads_1/grain_10/repeat_1.stdout.txt,/home/peppaspan/NTUA-Advanced_Computer_Architecture/exercises/3rd/benchmarks/4.1/real/raw/tas_ts/threads_1/grain_10/repeat_1.stderr.txt
tas_ts,1,50000000,10,2,0,1.021111000000,50000000,/home/peppaspan/NTUA-Advanced_Computer_Architecture/exercises/3rd/benchmarks/4.1/real/raw/tas_ts/threads_1/grain_10/repeat_2.stdout.txt,/home/peppaspan/NTUA-Advanced_Computer_Architecture/exercises/3rd/benchmarks/4.1/real/raw/tas_ts/threads_1/grain_10/repeat_2.stderr.txt
tas_ts,1,50000000,10,3,0,1.013479000000,50000000,/home/peppaspan/NTUA-Advanced_Computer_Architecture/exercises/3rd/benchmarks/4.1/real/raw/tas_ts/threads_1/grain_10/repeat_3.stdout.txt,/home/peppaspan/NTUA-Advanced_Computer_Architecture/exercises/3rd/benchmarks/4.1/real/raw/tas_ts/threads_1/grain_10/repeat_3.stderr.txt
tas_ts,1,50000000,10,4,0,1.011900000000,50000000,/home/peppaspan/NTUA-Advanced_Computer_Architecture/exercises/3rd/benchmarks/4.1/real/raw/tas_ts/threads_1/grain_10/repeat_4.stdout.txt,/home/peppaspan/NTUA-Advanced_Computer_Architecture/exercises/3rd/benchmarks/4.1/real/raw/tas_ts/threads_1/grain_10/repeat_4.stderr.txt
tas_ts,1,50000000,10,5,0,1.009167000000,50000000,/home/peppaspan/NTUA-Advanced_Computer_Architecture/exercises/3rd/benchmarks/4.1/real/raw/tas_ts/threads_1/grain_10/repeat_5.stdout.txt,/home/peppaspan/NTUA-Advanced_Computer_Architecture/exercises/3rd/benchmarks/4.1/real/raw/tas_ts/threads_1/grain_10/repeat_5.stderr.txt
ttas_cas,1,50000000,10,1,0,1.032387000000,50000000,/home/peppaspan/NTUA-Advanced_Computer_Architecture/exercises/3rd/benchmarks/4.1/real/raw/ttas_cas/threads_1/grain_10/repeat_1.stdout.txt,/home/peppaspan/NTUA-Advanced_Computer_Architecture/exercises/3rd/benchmarks/4.1/real/raw/ttas_cas/threads_1/grain_10/repeat_1.stderr.txt
ttas_cas,1,50000000,10,2,0,1.030934000000,50000000,/home/peppaspan/NTUA-Advanced_Computer_Architecture/exercises/3rd/benchmarks/4.1/real/raw/ttas_cas/threads_1/grain_10/repeat_2.stdout.txt,/home/peppaspan/NTUA-Advanced_Computer_Architecture/exercises/3rd/benchmarks/4.1/real/raw/ttas_cas/threads_1/grain_10/repeat_2.stderr.txt
ttas_cas,1,50000000,10,3,0,1.025173000000,50000000,/home/peppaspan/NTUA-Advanced_Computer_Architecture/exercises/3rd/benchmarks/4.1/real/raw/ttas_cas/threads_1/grain_10/repeat_3.stdout.txt,/home/peppaspan/NTUA-Advanced_Computer_Architecture/exercises/3rd/benchmarks/4.1/real/raw/ttas_cas/threads_1/grain_10/repeat_3.stderr.txt
ttas_cas,1,50000000,10,4,0,0.859653000000,50000000,/home/peppaspan/NTUA-Advanced_Computer_Architecture/exercises/3rd/benchmarks/4.1/real/raw/ttas_cas/threads_1/grain_10/repeat_4.stdout.txt,/home/peppaspan/NTUA-Advanced_Computer_Architecture/exercises/3rd/benchmarks/4.1/real/raw/ttas_cas/threads_1/grain_10/repeat_4.stderr.txt
ttas_cas,1,50000000,10,5,0,1.004514000000,50000000,/home/peppaspan/NTUA-Advanced_Computer_Architecture/exercises/3rd/benchmarks/4.1/real/raw/ttas_cas/threads_1/grain_10/repeat_5.stdout.txt,/home/peppaspan/NTUA-Advanced_Computer_Architecture/exercises/3rd/benchmarks/4.1/real/raw/ttas_cas/threads_1/grain_10/repeat_5.stderr.txt
ttas_ts,1,50000000,10,1,0,1.005822000000,50000000,/home/peppaspan/NTUA-Advanced_Computer_Architecture/exercises/3rd/benchmarks/4.1/real/raw/ttas_ts/threads_1/grain_10/repeat_1.stdout.txt,/home/peppaspan/NTUA-Advanced_Computer_Architecture/exercises/3rd/benchmarks/4.1/real/raw/ttas_ts/threads_1/grain_10/repeat_1.stderr.txt
ttas_ts,1,50000000,10,2,0,0.999335000000,50000000,/home/peppaspan/NTUA-Advanced_Computer_Architecture/exercises/3rd/benchmarks/4.1/real/raw/ttas_ts/threads_1/grain_10/repeat_2.stdout.txt,/home/peppaspan/NTUA-Advanced_Computer_Architecture/exercises/3rd/benchmarks/4.1/real/raw/ttas_ts/threads_1/grain_10/repeat_2.stderr.txt
ttas_ts,1,50000000,10,3,0,1.002856000000,50000000,/home/peppaspan/NTUA-Advanced_Computer_Architecture/exercises/3rd/benchmarks/4.1/real/raw/ttas_ts/threads_1/grain_10/repeat_3.stdout.txt,/home/peppaspan/NTUA-Advanced_Computer_Architecture/exercises/3rd/benchmarks/4.1/real/raw/ttas_ts/threads_1/grain_10/repeat_3.stderr.txt
ttas_ts,1,50000000,10,4,0,1.019620000000,50000000,/home/peppaspan/NTUA-Advanced_Computer_Architecture/exercises/3rd/benchmarks/4.1/real/raw/ttas_ts/threads_1/grain_10/repeat_4.stdout.txt,/home/peppaspan/NTUA-Advanced_Computer_Architecture/exercises/3rd/benchmarks/4.1/real/raw/ttas_ts/threads_1/grain_10/repeat_4.stderr.txt
ttas_ts,1,50000000,10,5,0,1.003555000000,50000000,/home/peppaspan/NTUA-Advanced_Computer_Architecture/exercises/3rd/benchmarks/4.1/real/raw/ttas_ts/threads_1/grain_10/repeat_5.stdout.txt,/home/peppaspan/NTUA-Advanced_Computer_Architecture/exercises/3rd/benchmarks/4.1/real/raw/ttas_ts/threads_1/grain_10/repeat_5.stderr.txt
mutex,2,50000000,10,1,"0,2",20.543597000000,100000000,/home/peppaspan/NTUA-Advanced_Computer_Architecture/exercises/3rd/benchmarks/4.1/real/raw/mutex/threads_2/grain_10/repeat_1.stdout.txt,/home/peppaspan/NTUA-Advanced_Computer_Architecture/exercises/3rd/benchmarks/4.1/real/raw/mutex/threads_2/grain_10/repeat_1.stderr.txt
mutex,2,50000000,10,2,"0,2",20.846998000000,100000000,/home/peppaspan/NTUA-Advanced_Computer_Architecture/exercises/3rd/benchmarks/4.1/real/raw/mutex/threads_2/grain_10/repeat_2.stdout.txt,/home/peppaspan/NTUA-Advanced_Computer_Architecture/exercises/3rd/benchmarks/4.1/real/raw/mutex/threads_2/grain_10/repeat_2.stderr.txt
mutex,2,50000000,10,3,"0,2",20.814586000000,100000000,/home/peppaspan/NTUA-Advanced_Computer_Architecture/exercises/3rd/benchmarks/4.1/real/raw/mutex/threads_2/grain_10/repeat_3.stdout.txt,/home/peppaspan/NTUA-Advanced_Computer_Architecture/exercises/3rd/benchmarks/4.1/real/raw/mutex/threads_2/grain_10/repeat_3.stderr.txt
mutex,2,50000000,10,4,"0,2",20.593309000000,100000000,/home/peppaspan/NTUA-Advanced_Computer_Architecture/exercises/3rd/benchmarks/4.1/real/raw/mutex/threads_2/grain_10/repeat_4.stdout.txt,/home/peppaspan/NTUA-Advanced_Computer_Architecture/exercises/3rd/benchmarks/4.1/real/raw/mutex/threads_2/grain_10/repeat_4.stderr.txt
mutex,2,50000000,10,5,"0,2",20.821049000000,100000000,/home/peppaspan/NTUA-Advanced_Computer_Architecture/exercises/3rd/benchmarks/4.1/real/raw/mutex/threads_2/grain_10/repeat_5.stdout.txt,/home/peppaspan/NTUA-Advanced_Computer_Architecture/exercises/3rd/benchmarks/4.1/real/raw/mutex/threads_2/grain_10/repeat_5.stderr.txt
tas_cas,2,50000000,10,1,"0,2",6.551387000000,100000000,/home/peppaspan/NTUA-Advanced_Computer_Architecture/exercises/3rd/benchmarks/4.1/real/raw/tas_cas/threads_2/grain_10/repeat_1.stdout.txt,/home/peppaspan/NTUA-Advanced_Computer_Architecture/exercises/3rd/benchmarks/4.1/real/raw/tas_cas/threads_2/grain_10/repeat_1.stderr.txt
tas_cas,2,50000000,10,2,"0,2",6.275887000000,100000000,/home/peppaspan/NTUA-Advanced_Computer_Architecture/exercises/3rd/benchmarks/4.1/real/raw/tas_cas/threads_2/grain_10/repeat_2.stdout.txt,/home/peppaspan/NTUA-Advanced_Computer_Architecture/exercises/3rd/benchmarks/4.1/real/raw/tas_cas/threads_2/grain_10/repeat_2.stderr.txt
tas_cas,2,50000000,10,3,"0,2",6.137920000000,100000000,/home/peppaspan/NTUA-Advanced_Computer_Architecture/exercises/3rd/benchmarks/4.1/real/raw/tas_cas/threads_2/grain_10/repeat_3.stdout.txt,/home/peppaspan/NTUA-Advanced_Computer_Architecture/exercises/3rd/benchmarks/4.1/real/raw/tas_cas/threads_2/grain_10/repeat_3.stderr.txt
tas_cas,2,50000000,10,4,"0,2",5.884268000000,100000000,/home/peppaspan/NTUA-Advanced_Computer_Architecture/exercises/3rd/benchmarks/4.1/real/raw/tas_cas/threads_2/grain_10/repeat_4.stdout.txt,/home/peppaspan/NTUA-Advanced_Computer_Architecture/exercises/3rd/benchmarks/4.1/real/raw/tas_cas/threads_2/grain_10/repeat_4.stderr.txt
tas_cas,2,50000000,10,5,"0,2",6.228027000000,100000000,/home/peppaspan/NTUA-Advanced_Computer_Architecture/exercises/3rd/benchmarks/4.1/real/raw/tas_cas/threads_2/grain_10/repeat_5.stdout.txt,/home/peppaspan/NTUA-Advanced_Computer_Architecture/exercises/3rd/benchmarks/4.1/real/raw/tas_cas/threads_2/grain_10/repeat_5.stderr.txt
tas_ts,2,50000000,10,1,"0,2",6.526127000000,100000000,/home/peppaspan/NTUA-Advanced_Computer_Architecture/exercises/3rd/benchmarks/4.1/real/raw/tas_ts/threads_2/grain_10/repeat_1.stdout.txt,/home/peppaspan/NTUA-Advanced_Computer_Architecture/exercises/3rd/benchmarks/4.1/real/raw/tas_ts/threads_2/grain_10/repeat_1.stderr.txt
tas_ts,2,50000000,10,2,"0,2",5.012119000000,100000000,/home/peppaspan/NTUA-Advanced_Computer_Architecture/exercises/3rd/benchmarks/4.1/real/raw/tas_ts/threads_2/grain_10/repeat_2.stdout.txt,/home/peppaspan/NTUA-Advanced_Computer_Architecture/exercises/3rd/benchmarks/4.1/real/raw/tas_ts/threads_2/grain_10/repeat_2.stderr.txt
tas_ts,2,50000000,10,3,"0,2",6.695825000000,100000000,/home/peppaspan/NTUA-Advanced_Computer_Architecture/exercises/3rd/benchmarks/4.1/real/raw/tas_ts/threads_2/grain_10/repeat_3.stdout.txt,/home/peppaspan/NTUA-Advanced_Computer_Architecture/exercises/3rd/benchmarks/4.1/real/raw/tas_ts/threads_2/grain_10/repeat_3.stderr.txt
tas_ts,2,50000000,10,4,"0,2",6.746715000000,100000000,/home/peppaspan/NTUA-Advanced_Computer_Architecture/exercises/3rd/benchmarks/4.1/real/raw/tas_ts/threads_2/grain_10/repeat_4.stdout.txt,/home/peppaspan/NTUA-Advanced_Computer_Architecture/exercises/3rd/benchmarks/4.1/real/raw/tas_ts/threads_2/grain_10/repeat_4.stderr.txt
tas_ts,2,50000000,10,5,"0,2",6.253509000000,100000000,/home/peppaspan/NTUA-Advanced_Computer_Architecture/exercises/3rd/benchmarks/4.1/real/raw/tas_ts/threads_2/grain_10/repeat_5.stdout.txt,/home/peppaspan/NTUA-Advanced_Computer_Architecture/exercises/3rd/benchmarks/4.1/real/raw/tas_ts/threads_2/grain_10/repeat_5.stderr.txt
ttas_cas,2,50000000,10,1,"0,2",4.839458000000,100000000,/home/peppaspan/NTUA-Advanced_Computer_Architecture/exercises/3rd/benchmarks/4.1/real/raw/ttas_cas/threads_2/grain_10/repeat_1.stdout.txt,/home/peppaspan/NTUA-Advanced_Computer_Architecture/exercises/3rd/benchmarks/4.1/real/raw/ttas_cas/threads_2/grain_10/repeat_1.stderr.txt
ttas_cas,2,50000000,10,2,"0,2",4.599659000000,100000000,/home/peppaspan/NTUA-Advanced_Computer_Architecture/exercises/3rd/benchmarks/4.1/real/raw/ttas_cas/threads_2/grain_10/repeat_2.stdout.txt,/home/peppaspan/NTUA-Advanced_Computer_Architecture/exercises/3rd/benchmarks/4.1/real/raw/ttas_cas/threads_2/grain_10/repeat_2.stderr.txt
ttas_cas,2,50000000,10,3,"0,2",6.890670000000,100000000,/home/peppaspan/NTUA-Advanced_Computer_Architecture/exercises/3rd/benchmarks/4.1/real/raw/ttas_cas/threads_2/grain_10/repeat_3.stdout.txt,/home/peppaspan/NTUA-Advanced_Computer_Architecture/exercises/3rd/benchmarks/4.1/real/raw/ttas_cas/threads_2/grain_10/repeat_3.stderr.txt
ttas_cas,2,50000000,10,4,"0,2",5.047572000000,100000000,/home/peppaspan/NTUA-Advanced_Computer_Architecture/exercises/3rd/benchmarks/4.1/real/raw/ttas_cas/threads_2/grain_10/repeat_4.stdout.txt,/home/peppaspan/NTUA-Advanced_Computer_Architecture/exercises/3rd/benchmarks/4.1/real/raw/ttas_cas/threads_2/grain_10/repeat_4.stderr.txt
ttas_cas,2,50000000,10,5,"0,2",4.824943000000,100000000,/home/peppaspan/NTUA-Advanced_Computer_Architecture/exercises/3rd/benchmarks/4.1/real/raw/ttas_cas/threads_2/grain_10/repeat_5.stdout.txt,/home/peppaspan/NTUA-Advanced_Computer_Architecture/exercises/3rd/benchmarks/4.1/real/raw/ttas_cas/threads_2/grain_10/repeat_5.stderr.txt
ttas_ts,2,50000000,10,1,"0,2",6.679558000000,100000000,/home/peppaspan/NTUA-Advanced_Computer_Architecture/exercises/3rd/benchmarks/4.1/real/raw/ttas_ts/threads_2/grain_10/repeat_1.stdout.txt,/home/peppaspan/NTUA-Advanced_Computer_Architecture/exercises/3rd/benchmarks/4.1/real/raw/ttas_ts/threads_2/grain_10/repeat_1.stderr.txt
ttas_ts,2,50000000,10,2,"0,2",4.701995000000,100000000,/home/peppaspan/NTUA-Advanced_Computer_Architecture/exercises/3rd/benchmarks/4.1/real/raw/ttas_ts/threads_2/grain_10/repeat_2.stdout.txt,/home/peppaspan/NTUA-Advanced_Computer_Architecture/exercises/3rd/benchmarks/4.1/real/raw/ttas_ts/threads_2/grain_10/repeat_2.stderr.txt
ttas_ts,2,50000000,10,3,"0,2",4.693049000000,100000000,/home/peppaspan/NTUA-Advanced_Computer_Architecture/exercises/3rd/benchmarks/4.1/real/raw/ttas_ts/threads_2/grain_10/repeat_3.stdout.txt,/home/peppaspan/NTUA-Advanced_Computer_Architecture/exercises/3rd/benchmarks/4.1/real/raw/ttas_ts/threads_2/grain_10/repeat_3.stderr.txt
ttas_ts,2,50000000,10,4,"0,2",4.923067000000,100000000,/home/peppaspan/NTUA-Advanced_Computer_Architecture/exercises/3rd/benchmarks/4.1/real/raw/ttas_ts/threads_2/grain_10/repeat_4.stdout.txt,/home/peppaspan/NTUA-Advanced_Computer_Architecture/exercises/3rd/benchmarks/4.1/real/raw/ttas_ts/threads_2/grain_10/repeat_4.stderr.txt
ttas_ts,2,50000000,10,5,"0,2",4.349903000000,100000000,/home/peppaspan/NTUA-Advanced_Computer_Architecture/exercises/3rd/benchmarks/4.1/real/raw/ttas_ts/threads_2/grain_10/repeat_5.stdout.txt,/home/peppaspan/NTUA-Advanced_Computer_Architecture/exercises/3rd/benchmarks/4.1/real/raw/ttas_ts/threads_2/grain_10/repeat_5.stderr.txt
mutex,4,50000000,10,1,"0,2,4,6",16.933532000000,200000000,/home/peppaspan/NTUA-Advanced_Computer_Architecture/exercises/3rd/benchmarks/4.1/real/raw/mutex/threads_4/grain_10/repeat_1.stdout.txt,/home/peppaspan/NTUA-Advanced_Computer_Architecture/exercises/3rd/benchmarks/4.1/real/raw/mutex/threads_4/grain_10/repeat_1.stderr.txt
mutex,4,50000000,10,2,"0,2,4,6",18.131428000000,200000000,/home/peppaspan/NTUA-Advanced_Computer_Architecture/exercises/3rd/benchmarks/4.1/real/raw/mutex/threads_4/grain_10/repeat_2.stdout.txt,/home/peppaspan/NTUA-Advanced_Computer_Architecture/exercises/3rd/benchmarks/4.1/real/raw/mutex/threads_4/grain_10/repeat_2.stderr.txt
mutex,4,50000000,10,3,"0,2,4,6",18.307858000000,200000000,/home/peppaspan/NTUA-Advanced_Computer_Architecture/exercises/3rd/benchmarks/4.1/real/raw/mutex/threads_4/grain_10/repeat_3.stdout.txt,/home/peppaspan/NTUA-Advanced_Computer_Architecture/exercises/3rd/benchmarks/4.1/real/raw/mutex/threads_4/grain_10/repeat_3.stderr.txt
mutex,4,50000000,10,4,"0,2,4,6",17.200449000000,200000000,/home/peppaspan/NTUA-Advanced_Computer_Architecture/exercises/3rd/benchmarks/4.1/real/raw/mutex/threads_4/grain_10/repeat_4.stdout.txt,/home/peppaspan/NTUA-Advanced_Computer_Architecture/exercises/3rd/benchmarks/4.1/real/raw/mutex/threads_4/grain_10/repeat_4.stderr.txt
mutex,4,50000000,10,5,"0,2,4,6",17.105028000000,200000000,/home/peppaspan/NTUA-Advanced_Computer_Architecture/exercises/3rd/benchmarks/4.1/real/raw/mutex/threads_4/grain_10/repeat_5.stdout.txt,/home/peppaspan/NTUA-Advanced_Computer_Architecture/exercises/3rd/benchmarks/4.1/real/raw/mutex/threads_4/grain_10/repeat_5.stderr.txt
tas_cas,4,50000000,10,1,"0,2,4,6",19.413742000000,200000000,/home/peppaspan/NTUA-Advanced_Computer_Architecture/exercises/3rd/benchmarks/4.1/real/raw/tas_cas/threads_4/grain_10/repeat_1.stdout.txt,/home/peppaspan/NTUA-Advanced_Computer_Architecture/exercises/3rd/benchmarks/4.1/real/raw/tas_cas/threads_4/grain_10/repeat_1.stderr.txt
tas_cas,4,50000000,10,2,"0,2,4,6",24.320448000000,200000000,/home/peppaspan/NTUA-Advanced_Computer_Architecture/exercises/3rd/benchmarks/4.1/real/raw/tas_cas/threads_4/grain_10/repeat_2.stdout.txt,/home/peppaspan/NTUA-Advanced_Computer_Architecture/exercises/3rd/benchmarks/4.1/real/raw/tas_cas/threads_4/grain_10/repeat_2.stderr.txt
tas_cas,4,50000000,10,3,"0,2,4,6",24.048892000000,200000000,/home/peppaspan/NTUA-Advanced_Computer_Architecture/exercises/3rd/benchmarks/4.1/real/raw/tas_cas/threads_4/grain_10/repeat_3.stdout.txt,/home/peppaspan/NTUA-Advanced_Computer_Architecture/exercises/3rd/benchmarks/4.1/real/raw/tas_cas/threads_4/grain_10/repeat_3.stderr.txt
tas_cas,4,50000000,10,4,"0,2,4,6",24.618480000000,200000000,/home/peppaspan/NTUA-Advanced_Computer_Architecture/exercises/3rd/benchmarks/4.1/real/raw/tas_cas/threads_4/grain_10/repeat_4.stdout.txt,/home/peppaspan/NTUA-Advanced_Computer_Architecture/exercises/3rd/benchmarks/4.1/real/raw/tas_cas/threads_4/grain_10/repeat_4.stderr.txt
tas_cas,4,50000000,10,5,"0,2,4,6",18.155025000000,200000000,/home/peppaspan/NTUA-Advanced_Computer_Architecture/exercises/3rd/benchmarks/4.1/real/raw/tas_cas/threads_4/grain_10/repeat_5.stdout.txt,/home/peppaspan/NTUA-Advanced_Computer_Architecture/exercises/3rd/benchmarks/4.1/real/raw/tas_cas/threads_4/grain_10/repeat_5.stderr.txt
tas_ts,4,50000000,10,1,"0,2,4,6",23.164807000000,200000000,/home/peppaspan/NTUA-Advanced_Computer_Architecture/exercises/3rd/benchmarks/4.1/real/raw/tas_ts/threads_4/grain_10/repeat_1.stdout.txt,/home/peppaspan/NTUA-Advanced_Computer_Architecture/exercises/3rd/benchmarks/4.1/real/raw/tas_ts/threads_4/grain_10/repeat_1.stderr.txt
tas_ts,4,50000000,10,2,"0,2,4,6",23.908054000000,200000000,/home/peppaspan/NTUA-Advanced_Computer_Architecture/exercises/3rd/benchmarks/4.1/real/raw/tas_ts/threads_4/grain_10/repeat_2.stdout.txt,/home/peppaspan/NTUA-Advanced_Computer_Architecture/exercises/3rd/benchmarks/4.1/real/raw/tas_ts/threads_4/grain_10/repeat_2.stderr.txt
tas_ts,4,50000000,10,3,"0,2,4,6",21.629482000000,200000000,/home/peppaspan/NTUA-Advanced_Computer_Architecture/exercises/3rd/benchmarks/4.1/real/raw/tas_ts/threads_4/grain_10/repeat_3.stdout.txt,/home/peppaspan/NTUA-Advanced_Computer_Architecture/exercises/3rd/benchmarks/4.1/real/raw/tas_ts/threads_4/grain_10/repeat_3.stderr.txt
tas_ts,4,50000000,10,4,"0,2,4,6",20.973434000000,200000000,/home/peppaspan/NTUA-Advanced_Computer_Architecture/exercises/3rd/benchmarks/4.1/real/raw/tas_ts/threads_4/grain_10/repeat_4.stdout.txt,/home/peppaspan/NTUA-Advanced_Computer_Architecture/exercises/3rd/benchmarks/4.1/real/raw/tas_ts/threads_4/grain_10/repeat_4.stderr.txt
tas_ts,4,50000000,10,5,"0,2,4,6",23.644840000000,200000000,/home/peppaspan/NTUA-Advanced_Computer_Architecture/exercises/3rd/benchmarks/4.1/real/raw/tas_ts/threads_4/grain_10/repeat_5.stdout.txt,/home/peppaspan/NTUA-Advanced_Computer_Architecture/exercises/3rd/benchmarks/4.1/real/raw/tas_ts/threads_4/grain_10/repeat_5.stderr.txt
ttas_cas,4,50000000,10,1,"0,2,4,6",17.069934000000,200000000,/home/peppaspan/NTUA-Advanced_Computer_Architecture/exercises/3rd/benchmarks/4.1/real/raw/ttas_cas/threads_4/grain_10/repeat_1.stdout.txt,/home/peppaspan/NTUA-Advanced_Computer_Architecture/exercises/3rd/benchmarks/4.1/real/raw/ttas_cas/threads_4/grain_10/repeat_1.stderr.txt
ttas_cas,4,50000000,10,2,"0,2,4,6",17.442104000000,200000000,/home/peppaspan/NTUA-Advanced_Computer_Architecture/exercises/3rd/benchmarks/4.1/real/raw/ttas_cas/threads_4/grain_10/repeat_2.stdout.txt,/home/peppaspan/NTUA-Advanced_Computer_Architecture/exercises/3rd/benchmarks/4.1/real/raw/ttas_cas/threads_4/grain_10/repeat_2.stderr.txt
ttas_cas,4,50000000,10,3,"0,2,4,6",17.141481000000,200000000,/home/peppaspan/NTUA-Advanced_Computer_Architecture/exercises/3rd/benchmarks/4.1/real/raw/ttas_cas/threads_4/grain_10/repeat_3.stdout.txt,/home/peppaspan/NTUA-Advanced_Computer_Architecture/exercises/3rd/benchmarks/4.1/real/raw/ttas_cas/threads_4/grain_10/repeat_3.stderr.txt
ttas_cas,4,50000000,10,4,"0,2,4,6",17.285345000000,200000000,/home/peppaspan/NTUA-Advanced_Computer_Architecture/exercises/3rd/benchmarks/4.1/real/raw/ttas_cas/threads_4/grain_10/repeat_4.stdout.txt,/home/peppaspan/NTUA-Advanced_Computer_Architecture/exercises/3rd/benchmarks/4.1/real/raw/ttas_cas/threads_4/grain_10/repeat_4.stderr.txt
ttas_cas,4,50000000,10,5,"0,2,4,6",15.578576000000,200000000,/home/peppaspan/NTUA-Advanced_Computer_Architecture/exercises/3rd/benchmarks/4.1/real/raw/ttas_cas/threads_4/grain_10/repeat_5.stdout.txt,/home/peppaspan/NTUA-Advanced_Computer_Architecture/exercises/3rd/benchmarks/4.1/real/raw/ttas_cas/threads_4/grain_10/repeat_5.stderr.txt
ttas_ts,4,50000000,10,1,"0,2,4,6",18.303340000000,200000000,/home/peppaspan/NTUA-Advanced_Computer_Architecture/exercises/3rd/benchmarks/4.1/real/raw/ttas_ts/threads_4/grain_10/repeat_1.stdout.txt,/home/peppaspan/NTUA-Advanced_Computer_Architecture/exercises/3rd/benchmarks/4.1/real/raw/ttas_ts/threads_4/grain_10/repeat_1.stderr.txt
ttas_ts,4,50000000,10,2,"0,2,4,6",16.164193000000,200000000,/home/peppaspan/NTUA-Advanced_Computer_Architecture/exercises/3rd/benchmarks/4.1/real/raw/ttas_ts/threads_4/grain_10/repeat_2.stdout.txt,/home/peppaspan/NTUA-Advanced_Computer_Architecture/exercises/3rd/benchmarks/4.1/real/raw/ttas_ts/threads_4/grain_10/repeat_2.stderr.txt
ttas_ts,4,50000000,10,3,"0,2,4,6",15.024957000000,200000000,/home/peppaspan/NTUA-Advanced_Computer_Architecture/exercises/3rd/benchmarks/4.1/real/raw/ttas_ts/threads_4/grain_10/repeat_3.stdout.txt,/home/peppaspan/NTUA-Advanced_Computer_Architecture/exercises/3rd/benchmarks/4.1/real/raw/ttas_ts/threads_4/grain_10/repeat_3.stderr.txt
ttas_ts,4,50000000,10,4,"0,2,4,6",16.872706000000,200000000,/home/peppaspan/NTUA-Advanced_Computer_Architecture/exercises/3rd/benchmarks/4.1/real/raw/ttas_ts/threads_4/grain_10/repeat_4.stdout.txt,/home/peppaspan/NTUA-Advanced_Computer_Architecture/exercises/3rd/benchmarks/4.1/real/raw/ttas_ts/threads_4/grain_10/repeat_4.stderr.txt
ttas_ts,4,50000000,10,5,"0,2,4,6",14.226026000000,200000000,/home/peppaspan/NTUA-Advanced_Computer_Architecture/exercises/3rd/benchmarks/4.1/real/raw/ttas_ts/threads_4/grain_10/repeat_5.stdout.txt,/home/peppaspan/NTUA-Advanced_Computer_Architecture/exercises/3rd/benchmarks/4.1/real/raw/ttas_ts/threads_4/grain_10/repeat_5.stderr.txt
mutex,8,50000000,10,1,"0,2,4,6,8,10,12,14",43.940190000000,400000000,/home/peppaspan/NTUA-Advanced_Computer_Architecture/exercises/3rd/benchmarks/4.1/real/raw/mutex/threads_8/grain_10/repeat_1.stdout.txt,/home/peppaspan/NTUA-Advanced_Computer_Architecture/exercises/3rd/benchmarks/4.1/real/raw/mutex/threads_8/grain_10/repeat_1.stderr.txt
mutex,8,50000000,10,2,"0,2,4,6,8,10,12,14",44.260435000000,400000000,/home/peppaspan/NTUA-Advanced_Computer_Architecture/exercises/3rd/benchmarks/4.1/real/raw/mutex/threads_8/grain_10/repeat_2.stdout.txt,/home/peppaspan/NTUA-Advanced_Computer_Architecture/exercises/3rd/benchmarks/4.1/real/raw/mutex/threads_8/grain_10/repeat_2.stderr.txt
mutex,8,50000000,10,3,"0,2,4,6,8,10,12,14",43.713763000000,400000000,/home/peppaspan/NTUA-Advanced_Computer_Architecture/exercises/3rd/benchmarks/4.1/real/raw/mutex/threads_8/grain_10/repeat_3.stdout.txt,/home/peppaspan/NTUA-Advanced_Computer_Architecture/exercises/3rd/benchmarks/4.1/real/raw/mutex/threads_8/grain_10/repeat_3.stderr.txt
mutex,8,50000000,10,4,"0,2,4,6,8,10,12,14",44.148141000000,400000000,/home/peppaspan/NTUA-Advanced_Computer_Architecture/exercises/3rd/benchmarks/4.1/real/raw/mutex/threads_8/grain_10/repeat_4.stdout.txt,/home/peppaspan/NTUA-Advanced_Computer_Architecture/exercises/3rd/benchmarks/4.1/real/raw/mutex/threads_8/grain_10/repeat_4.stderr.txt
mutex,8,50000000,10,5,"0,2,4,6,8,10,12,14",43.094775000000,400000000,/home/peppaspan/NTUA-Advanced_Computer_Architecture/exercises/3rd/benchmarks/4.1/real/raw/mutex/threads_8/grain_10/repeat_5.stdout.txt,/home/peppaspan/NTUA-Advanced_Computer_Architecture/exercises/3rd/benchmarks/4.1/real/raw/mutex/threads_8/grain_10/repeat_5.stderr.txt
tas_cas,8,50000000,10,1,"0,2,4,6,8,10,12,14",55.989538000000,400000000,/home/peppaspan/NTUA-Advanced_Computer_Architecture/exercises/3rd/benchmarks/4.1/real/raw/tas_cas/threads_8/grain_10/repeat_1.stdout.txt,/home/peppaspan/NTUA-Advanced_Computer_Architecture/exercises/3rd/benchmarks/4.1/real/raw/tas_cas/threads_8/grain_10/repeat_1.stderr.txt
tas_cas,8,50000000,10,2,"0,2,4,6,8,10,12,14",56.783915000000,400000000,/home/peppaspan/NTUA-Advanced_Computer_Architecture/exercises/3rd/benchmarks/4.1/real/raw/tas_cas/threads_8/grain_10/repeat_2.stdout.txt,/home/peppaspan/NTUA-Advanced_Computer_Architecture/exercises/3rd/benchmarks/4.1/real/raw/tas_cas/threads_8/grain_10/repeat_2.stderr.txt
tas_cas,8,50000000,10,3,"0,2,4,6,8,10,12,14",101.230579000000,400000000,/home/peppaspan/NTUA-Advanced_Computer_Architecture/exercises/3rd/benchmarks/4.1/real/raw/tas_cas/threads_8/grain_10/repeat_3.stdout.txt,/home/peppaspan/NTUA-Advanced_Computer_Architecture/exercises/3rd/benchmarks/4.1/real/raw/tas_cas/threads_8/grain_10/repeat_3.stderr.txt
tas_cas,8,50000000,10,4,"0,2,4,6,8,10,12,14",55.738369000000,400000000,/home/peppaspan/NTUA-Advanced_Computer_Architecture/exercises/3rd/benchmarks/4.1/real/raw/tas_cas/threads_8/grain_10/repeat_4.stdout.txt,/home/peppaspan/NTUA-Advanced_Computer_Architecture/exercises/3rd/benchmarks/4.1/real/raw/tas_cas/threads_8/grain_10/repeat_4.stderr.txt
tas_cas,8,50000000,10,5,"0,2,4,6,8,10,12,14",81.322933000000,400000000,/home/peppaspan/NTUA-Advanced_Computer_Architecture/exercises/3rd/benchmarks/4.1/real/raw/tas_cas/threads_8/grain_10/repeat_5.stdout.txt,/home/peppaspan/NTUA-Advanced_Computer_Architecture/exercises/3rd/benchmarks/4.1/real/raw/tas_cas/threads_8/grain_10/repeat_5.stderr.txt
tas_ts,8,50000000,10,1,"0,2,4,6,8,10,12,14",86.874820000000,400000000,/home/peppaspan/NTUA-Advanced_Computer_Architecture/exercises/3rd/benchmarks/4.1/real/raw/tas_ts/threads_8/grain_10/repeat_1.stdout.txt,/home/peppaspan/NTUA-Advanced_Computer_Architecture/exercises/3rd/benchmarks/4.1/real/raw/tas_ts/threads_8/grain_10/repeat_1.stderr.txt
tas_ts,8,50000000,10,2,"0,2,4,6,8,10,12,14",108.681650000000,400000000,/home/peppaspan/NTUA-Advanced_Computer_Architecture/exercises/3rd/benchmarks/4.1/real/raw/tas_ts/threads_8/grain_10/repeat_2.stdout.txt,/home/peppaspan/NTUA-Advanced_Computer_Architecture/exercises/3rd/benchmarks/4.1/real/raw/tas_ts/threads_8/grain_10/repeat_2.stderr.txt
tas_ts,8,50000000,10,3,"0,2,4,6,8,10,12,14",104.474219000000,400000000,/home/peppaspan/NTUA-Advanced_Computer_Architecture/exercises/3rd/benchmarks/4.1/real/raw/tas_ts/threads_8/grain_10/repeat_3.stdout.txt,/home/peppaspan/NTUA-Advanced_Computer_Architecture/exercises/3rd/benchmarks/4.1/real/raw/tas_ts/threads_8/grain_10/repeat_3.stderr.txt
tas_ts,8,50000000,10,4,"0,2,4,6,8,10,12,14",106.616139000000,400000000,/home/peppaspan/NTUA-Advanced_Computer_Architecture/exercises/3rd/benchmarks/4.1/real/raw/tas_ts/threads_8/grain_10/repeat_4.stdout.txt,/home/peppaspan/NTUA-Advanced_Computer_Architecture/exercises/3rd/benchmarks/4.1/real/raw/tas_ts/threads_8/grain_10/repeat_4.stderr.txt
tas_ts,8,50000000,10,5,"0,2,4,6,8,10,12,14",108.450367000000,400000000,/home/peppaspan/NTUA-Advanced_Computer_Architecture/exercises/3rd/benchmarks/4.1/real/raw/tas_ts/threads_8/grain_10/repeat_5.stdout.txt,/home/peppaspan/NTUA-Advanced_Computer_Architecture/exercises/3rd/benchmarks/4.1/real/raw/tas_ts/threads_8/grain_10/repeat_5.stderr.txt
ttas_cas,8,50000000,10,1,"0,2,4,6,8,10,12,14",39.236646000000,400000000,/home/peppaspan/NTUA-Advanced_Computer_Architecture/exercises/3rd/benchmarks/4.1/real/raw/ttas_cas/threads_8/grain_10/repeat_1.stdout.txt,/home/peppaspan/NTUA-Advanced_Computer_Architecture/exercises/3rd/benchmarks/4.1/real/raw/ttas_cas/threads_8/grain_10/repeat_1.stderr.txt
ttas_cas,8,50000000,10,2,"0,2,4,6,8,10,12,14",37.790287000000,400000000,/home/peppaspan/NTUA-Advanced_Computer_Architecture/exercises/3rd/benchmarks/4.1/real/raw/ttas_cas/threads_8/grain_10/repeat_2.stdout.txt,/home/peppaspan/NTUA-Advanced_Computer_Architecture/exercises/3rd/benchmarks/4.1/real/raw/ttas_cas/threads_8/grain_10/repeat_2.stderr.txt
ttas_cas,8,50000000,10,3,"0,2,4,6,8,10,12,14",47.598013000000,400000000,/home/peppaspan/NTUA-Advanced_Computer_Architecture/exercises/3rd/benchmarks/4.1/real/raw/ttas_cas/threads_8/grain_10/repeat_3.stdout.txt,/home/peppaspan/NTUA-Advanced_Computer_Architecture/exercises/3rd/benchmarks/4.1/real/raw/ttas_cas/threads_8/grain_10/repeat_3.stderr.txt
ttas_cas,8,50000000,10,4,"0,2,4,6,8,10,12,14",43.315459000000,400000000,/home/peppaspan/NTUA-Advanced_Computer_Architecture/exercises/3rd/benchmarks/4.1/real/raw/ttas_cas/threads_8/grain_10/repeat_4.stdout.txt,/home/peppaspan/NTUA-Advanced_Computer_Architecture/exercises/3rd/benchmarks/4.1/real/raw/ttas_cas/threads_8/grain_10/repeat_4.stderr.txt
ttas_cas,8,50000000,10,5,"0,2,4,6,8,10,12,14",56.459905000000,400000000,/home/peppaspan/NTUA-Advanced_Computer_Architecture/exercises/3rd/benchmarks/4.1/real/raw/ttas_cas/threads_8/grain_10/repeat_5.stdout.txt,/home/peppaspan/NTUA-Advanced_Computer_Architecture/exercises/3rd/benchmarks/4.1/real/raw/ttas_cas/threads_8/grain_10/repeat_5.stderr.txt
ttas_ts,8,50000000,10,1,"0,2,4,6,8,10,12,14",48.557470000000,400000000,/home/peppaspan/NTUA-Advanced_Computer_Architecture/exercises/3rd/benchmarks/4.1/real/raw/ttas_ts/threads_8/grain_10/repeat_1.stdout.txt,/home/peppaspan/NTUA-Advanced_Computer_Architecture/exercises/3rd/benchmarks/4.1/real/raw/ttas_ts/threads_8/grain_10/repeat_1.stderr.txt
ttas_ts,8,50000000,10,2,"0,2,4,6,8,10,12,14",47.647241000000,400000000,/home/peppaspan/NTUA-Advanced_Computer_Architecture/exercises/3rd/benchmarks/4.1/real/raw/ttas_ts/threads_8/grain_10/repeat_2.stdout.txt,/home/peppaspan/NTUA-Advanced_Computer_Architecture/exercises/3rd/benchmarks/4.1/real/raw/ttas_ts/threads_8/grain_10/repeat_2.stderr.txt
ttas_ts,8,50000000,10,3,"0,2,4,6,8,10,12,14",54.793739000000,400000000,/home/peppaspan/NTUA-Advanced_Computer_Architecture/exercises/3rd/benchmarks/4.1/real/raw/ttas_ts/threads_8/grain_10/repeat_3.stdout.txt,/home/peppaspan/NTUA-Advanced_Computer_Architecture/exercises/3rd/benchmarks/4.1/real/raw/ttas_ts/threads_8/grain_10/repeat_3.stderr.txt
ttas_ts,8,50000000,10,4,"0,2,4,6,8,10,12,14",54.695458000000,400000000,/home/peppaspan/NTUA-Advanced_Computer_Architecture/exercises/3rd/benchmarks/4.1/real/raw/ttas_ts/threads_8/grain_10/repeat_4.stdout.txt,/home/peppaspan/NTUA-Advanced_Computer_Architecture/exercises/3rd/benchmarks/4.1/real/raw/ttas_ts/threads_8/grain_10/repeat_4.stderr.txt
ttas_ts,8,50000000,10,5,"0,2,4,6,8,10,12,14",55.065152000000,400000000,/home/peppaspan/NTUA-Advanced_Computer_Architecture/exercises/3rd/benchmarks/4.1/real/raw/ttas_ts/threads_8/grain_10/repeat_5.stdout.txt,/home/peppaspan/NTUA-Advanced_Computer_Architecture/exercises/3rd/benchmarks/4.1/real/raw/ttas_ts/threads_8/grain_10/repeat_5.stderr.txt
mutex,16,50000000,10,1,"0,2,4,6,8,10,12,14,16,17,18,19,20,21,22,23",145.078378000000,800000000,/home/peppaspan/NTUA-Advanced_Computer_Architecture/exercises/3rd/benchmarks/4.1/real/raw/mutex/threads_16/grain_10/repeat_1.stdout.txt,/home/peppaspan/NTUA-Advanced_Computer_Architecture/exercises/3rd/benchmarks/4.1/real/raw/mutex/threads_16/grain_10/repeat_1.stderr.txt
mutex,16,50000000,10,2,"0,2,4,6,8,10,12,14,16,17,18,19,20,21,22,23",140.791282000000,800000000,/home/peppaspan/NTUA-Advanced_Computer_Architecture/exercises/3rd/benchmarks/4.1/real/raw/mutex/threads_16/grain_10/repeat_2.stdout.txt,/home/peppaspan/NTUA-Advanced_Computer_Architecture/exercises/3rd/benchmarks/4.1/real/raw/mutex/threads_16/grain_10/repeat_2.stderr.txt
mutex,16,50000000,10,3,"0,2,4,6,8,10,12,14,16,17,18,19,20,21,22,23",141.142824000000,800000000,/home/peppaspan/NTUA-Advanced_Computer_Architecture/exercises/3rd/benchmarks/4.1/real/raw/mutex/threads_16/grain_10/repeat_3.stdout.txt,/home/peppaspan/NTUA-Advanced_Computer_Architecture/exercises/3rd/benchmarks/4.1/real/raw/mutex/threads_16/grain_10/repeat_3.stderr.txt
mutex,16,50000000,10,4,"0,2,4,6,8,10,12,14,16,17,18,19,20,21,22,23",137.790994000000,800000000,/home/peppaspan/NTUA-Advanced_Computer_Architecture/exercises/3rd/benchmarks/4.1/real/raw/mutex/threads_16/grain_10/repeat_4.stdout.txt,/home/peppaspan/NTUA-Advanced_Computer_Architecture/exercises/3rd/benchmarks/4.1/real/raw/mutex/threads_16/grain_10/repeat_4.stderr.txt
mutex,16,50000000,10,5,"0,2,4,6,8,10,12,14,16,17,18,19,20,21,22,23",141.402025000000,800000000,/home/peppaspan/NTUA-Advanced_Computer_Architecture/exercises/3rd/benchmarks/4.1/real/raw/mutex/threads_16/grain_10/repeat_5.stdout.txt,/home/peppaspan/NTUA-Advanced_Computer_Architecture/exercises/3rd/benchmarks/4.1/real/raw/mutex/threads_16/grain_10/repeat_5.stderr.txt
tas_cas,16,50000000,10,1,"0,2,4,6,8,10,12,14,16,17,18,19,20,21,22,23",286.006952000000,800000000,/home/peppaspan/NTUA-Advanced_Computer_Architecture/exercises/3rd/benchmarks/4.1/real/raw/tas_cas/threads_16/grain_10/repeat_1.stdout.txt,/home/peppaspan/NTUA-Advanced_Computer_Architecture/exercises/3rd/benchmarks/4.1/real/raw/tas_cas/threads_16/grain_10/repeat_1.stderr.txt
tas_cas,16,50000000,10,2,"0,2,4,6,8,10,12,14,16,17,18,19,20,21,22,23",293.126960000000,800000000,/home/peppaspan/NTUA-Advanced_Computer_Architecture/exercises/3rd/benchmarks/4.1/real/raw/tas_cas/threads_16/grain_10/repeat_2.stdout.txt,/home/peppaspan/NTUA-Advanced_Computer_Architecture/exercises/3rd/benchmarks/4.1/real/raw/tas_cas/threads_16/grain_10/repeat_2.stderr.txt
tas_cas,16,50000000,10,3,"0,2,4,6,8,10,12,14,16,17,18,19,20,21,22,23",367.794231000000,800000000,/home/peppaspan/NTUA-Advanced_Computer_Architecture/exercises/3rd/benchmarks/4.1/real/raw/tas_cas/threads_16/grain_10/repeat_3.stdout.txt,/home/peppaspan/NTUA-Advanced_Computer_Architecture/exercises/3rd/benchmarks/4.1/real/raw/tas_cas/threads_16/grain_10/repeat_3.stderr.txt
tas_cas,16,50000000,10,4,"0,2,4,6,8,10,12,14,16,17,18,19,20,21,22,23",359.257892000000,800000000,/home/peppaspan/NTUA-Advanced_Computer_Architecture/exercises/3rd/benchmarks/4.1/real/raw/tas_cas/threads_16/grain_10/repeat_4.stdout.txt,/home/peppaspan/NTUA-Advanced_Computer_Architecture/exercises/3rd/benchmarks/4.1/real/raw/tas_cas/threads_16/grain_10/repeat_4.stderr.txt
tas_cas,16,50000000,10,5,"0,2,4,6,8,10,12,14,16,17,18,19,20,21,22,23",304.248554000000,800000000,/home/peppaspan/NTUA-Advanced_Computer_Architecture/exercises/3rd/benchmarks/4.1/real/raw/tas_cas/threads_16/grain_10/repeat_5.stdout.txt,/home/peppaspan/NTUA-Advanced_Computer_Architecture/exercises/3rd/benchmarks/4.1/real/raw/tas_cas/threads_16/grain_10/repeat_5.stderr.txt
tas_ts,16,50000000,10,1,"0,2,4,6,8,10,12,14,16,17,18,19,20,21,22,23",273.253495000000,800000000,/home/peppaspan/NTUA-Advanced_Computer_Architecture/exercises/3rd/benchmarks/4.1/real/raw/tas_ts/threads_16/grain_10/repeat_1.stdout.txt,/home/peppaspan/NTUA-Advanced_Computer_Architecture/exercises/3rd/benchmarks/4.1/real/raw/tas_ts/threads_16/grain_10/repeat_1.stderr.txt
tas_ts,16,50000000,10,2,"0,2,4,6,8,10,12,14,16,17,18,19,20,21,22,23",397.126231000000,800000000,/home/peppaspan/NTUA-Advanced_Computer_Architecture/exercises/3rd/benchmarks/4.1/real/raw/tas_ts/threads_16/grain_10/repeat_2.stdout.txt,/home/peppaspan/NTUA-Advanced_Computer_Architecture/exercises/3rd/benchmarks/4.1/real/raw/tas_ts/threads_16/grain_10/repeat_2.stderr.txt
tas_ts,16,50000000,10,3,"0,2,4,6,8,10,12,14,16,17,18,19,20,21,22,23",299.361950000000,800000000,/home/peppaspan/NTUA-Advanced_Computer_Architecture/exercises/3rd/benchmarks/4.1/real/raw/tas_ts/threads_16/grain_10/repeat_3.stdout.txt,/home/peppaspan/NTUA-Advanced_Computer_Architecture/exercises/3rd/benchmarks/4.1/real/raw/tas_ts/threads_16/grain_10/repeat_3.stderr.txt
tas_ts,16,50000000,10,4,"0,2,4,6,8,10,12,14,16,17,18,19,20,21,22,23",274.136406000000,800000000,/home/peppaspan/NTUA-Advanced_Computer_Architecture/exercises/3rd/benchmarks/4.1/real/raw/tas_ts/threads_16/grain_10/repeat_4.stdout.txt,/home/peppaspan/NTUA-Advanced_Computer_Architecture/exercises/3rd/benchmarks/4.1/real/raw/tas_ts/threads_16/grain_10/repeat_4.stderr.txt
tas_ts,16,50000000,10,5,"0,2,4,6,8,10,12,14,16,17,18,19,20,21,22,23",274.279948000000,800000000,/home/peppaspan/NTUA-Advanced_Computer_Architecture/exercises/3rd/benchmarks/4.1/real/raw/tas_ts/threads_16/grain_10/repeat_5.stdout.txt,/home/peppaspan/NTUA-Advanced_Computer_Architecture/exercises/3rd/benchmarks/4.1/real/raw/tas_ts/threads_16/grain_10/repeat_5.stderr.txt
ttas_cas,16,50000000,10,1,"0,2,4,6,8,10,12,14,16,17,18,19,20,21,22,23",124.170733000000,800000000,/home/peppaspan/NTUA-Advanced_Computer_Architecture/exercises/3rd/benchmarks/4.1/real/raw/ttas_cas/threads_16/grain_10/repeat_1.stdout.txt,/home/peppaspan/NTUA-Advanced_Computer_Architecture/exercises/3rd/benchmarks/4.1/real/raw/ttas_cas/threads_16/grain_10/repeat_1.stderr.txt
ttas_cas,16,50000000,10,2,"0,2,4,6,8,10,12,14,16,17,18,19,20,21,22,23",148.735229000000,800000000,/home/peppaspan/NTUA-Advanced_Computer_Architecture/exercises/3rd/benchmarks/4.1/real/raw/ttas_cas/threads_16/grain_10/repeat_2.stdout.txt,/home/peppaspan/NTUA-Advanced_Computer_Architecture/exercises/3rd/benchmarks/4.1/real/raw/ttas_cas/threads_16/grain_10/repeat_2.stderr.txt
ttas_cas,16,50000000,10,3,"0,2,4,6,8,10,12,14,16,17,18,19,20,21,22,23",164.062258000000,800000000,/home/peppaspan/NTUA-Advanced_Computer_Architecture/exercises/3rd/benchmarks/4.1/real/raw/ttas_cas/threads_16/grain_10/repeat_3.stdout.txt,/home/peppaspan/NTUA-Advanced_Computer_Architecture/exercises/3rd/benchmarks/4.1/real/raw/ttas_cas/threads_16/grain_10/repeat_3.stderr.txt
ttas_cas,16,50000000,10,4,"0,2,4,6,8,10,12,14,16,17,18,19,20,21,22,23",157.130642000000,800000000,/home/peppaspan/NTUA-Advanced_Computer_Architecture/exercises/3rd/benchmarks/4.1/real/raw/ttas_cas/threads_16/grain_10/repeat_4.stdout.txt,/home/peppaspan/NTUA-Advanced_Computer_Architecture/exercises/3rd/benchmarks/4.1/real/raw/ttas_cas/threads_16/grain_10/repeat_4.stderr.txt
ttas_cas,16,50000000,10,5,"0,2,4,6,8,10,12,14,16,17,18,19,20,21,22,23",125.592574000000,800000000,/home/peppaspan/NTUA-Advanced_Computer_Architecture/exercises/3rd/benchmarks/4.1/real/raw/ttas_cas/threads_16/grain_10/repeat_5.stdout.txt,/home/peppaspan/NTUA-Advanced_Computer_Architecture/exercises/3rd/benchmarks/4.1/real/raw/ttas_cas/threads_16/grain_10/repeat_5.stderr.txt
ttas_ts,16,50000000,10,1,"0,2,4,6,8,10,12,14,16,17,18,19,20,21,22,23",160.337573000000,800000000,/home/peppaspan/NTUA-Advanced_Computer_Architecture/exercises/3rd/benchmarks/4.1/real/raw/ttas_ts/threads_16/grain_10/repeat_1.stdout.txt,/home/peppaspan/NTUA-Advanced_Computer_Architecture/exercises/3rd/benchmarks/4.1/real/raw/ttas_ts/threads_16/grain_10/repeat_1.stderr.txt
ttas_ts,16,50000000,10,2,"0,2,4,6,8,10,12,14,16,17,18,19,20,21,22,23",141.437057000000,800000000,/home/peppaspan/NTUA-Advanced_Computer_Architecture/exercises/3rd/benchmarks/4.1/real/raw/ttas_ts/threads_16/grain_10/repeat_2.stdout.txt,/home/peppaspan/NTUA-Advanced_Computer_Architecture/exercises/3rd/benchmarks/4.1/real/raw/ttas_ts/threads_16/grain_10/repeat_2.stderr.txt
ttas_ts,16,50000000,10,3,"0,2,4,6,8,10,12,14,16,17,18,19,20,21,22,23",117.115059000000,800000000,/home/peppaspan/NTUA-Advanced_Computer_Architecture/exercises/3rd/benchmarks/4.1/real/raw/ttas_ts/threads_16/grain_10/repeat_3.stdout.txt,/home/peppaspan/NTUA-Advanced_Computer_Architecture/exercises/3rd/benchmarks/4.1/real/raw/ttas_ts/threads_16/grain_10/repeat_3.stderr.txt
ttas_ts,16,50000000,10,4,"0,2,4,6,8,10,12,14,16,17,18,19,20,21,22,23",120.354807000000,800000000,/home/peppaspan/NTUA-Advanced_Computer_Architecture/exercises/3rd/benchmarks/4.1/real/raw/ttas_ts/threads_16/grain_10/repeat_4.stdout.txt,/home/peppaspan/NTUA-Advanced_Computer_Architecture/exercises/3rd/benchmarks/4.1/real/raw/ttas_ts/threads_16/grain_10/repeat_4.stderr.txt
ttas_ts,16,50000000,10,5,"0,2,4,6,8,10,12,14,16,17,18,19,20,21,22,23",114.001055000000,800000000,/home/peppaspan/NTUA-Advanced_Computer_Architecture/exercises/3rd/benchmarks/4.1/real/raw/ttas_ts/threads_16/grain_10/repeat_5.stdout.txt,/home/peppaspan/NTUA-Advanced_Computer_Architecture/exercises/3rd/benchmarks/4.1/real/raw/ttas_ts/threads_16/grain_10/repeat_5.stderr.txt
mutex,1,50000000,100,1,0,22.692633000000,50000000,/home/peppaspan/NTUA-Advanced_Computer_Architecture/exercises/3rd/benchmarks/4.1/real/raw/mutex/threads_1/grain_100/repeat_1.stdout.txt,/home/peppaspan/NTUA-Advanced_Computer_Architecture/exercises/3rd/benchmarks/4.1/real/raw/mutex/threads_1/grain_100/repeat_1.stderr.txt
mutex,1,50000000,100,2,0,22.793288000000,50000000,/home/peppaspan/NTUA-Advanced_Computer_Architecture/exercises/3rd/benchmarks/4.1/real/raw/mutex/threads_1/grain_100/repeat_2.stdout.txt,/home/peppaspan/NTUA-Advanced_Computer_Architecture/exercises/3rd/benchmarks/4.1/real/raw/mutex/threads_1/grain_100/repeat_2.stderr.txt
mutex,1,50000000,100,3,0,22.846130000000,50000000,/home/peppaspan/NTUA-Advanced_Computer_Architecture/exercises/3rd/benchmarks/4.1/real/raw/mutex/threads_1/grain_100/repeat_3.stdout.txt,/home/peppaspan/NTUA-Advanced_Computer_Architecture/exercises/3rd/benchmarks/4.1/real/raw/mutex/threads_1/grain_100/repeat_3.stderr.txt
mutex,1,50000000,100,4,0,22.843361000000,50000000,/home/peppaspan/NTUA-Advanced_Computer_Architecture/exercises/3rd/benchmarks/4.1/real/raw/mutex/threads_1/grain_100/repeat_4.stdout.txt,/home/peppaspan/NTUA-Advanced_Computer_Architecture/exercises/3rd/benchmarks/4.1/real/raw/mutex/threads_1/grain_100/repeat_4.stderr.txt
mutex,1,50000000,100,5,0,22.801103000000,50000000,/home/peppaspan/NTUA-Advanced_Computer_Architecture/exercises/3rd/benchmarks/4.1/real/raw/mutex/threads_1/grain_100/repeat_5.stdout.txt,/home/peppaspan/NTUA-Advanced_Computer_Architecture/exercises/3rd/benchmarks/4.1/real/raw/mutex/threads_1/grain_100/repeat_5.stderr.txt
tas_cas,1,50000000,100,1,0,21.905768000000,50000000,/home/peppaspan/NTUA-Advanced_Computer_Architecture/exercises/3rd/benchmarks/4.1/real/raw/tas_cas/threads_1/grain_100/repeat_1.stdout.txt,/home/peppaspan/NTUA-Advanced_Computer_Architecture/exercises/3rd/benchmarks/4.1/real/raw/tas_cas/threads_1/grain_100/repeat_1.stderr.txt
tas_cas,1,50000000,100,2,0,21.924664000000,50000000,/home/peppaspan/NTUA-Advanced_Computer_Architecture/exercises/3rd/benchmarks/4.1/real/raw/tas_cas/threads_1/grain_100/repeat_2.stdout.txt,/home/peppaspan/NTUA-Advanced_Computer_Architecture/exercises/3rd/benchmarks/4.1/real/raw/tas_cas/threads_1/grain_100/repeat_2.stderr.txt
tas_cas,1,50000000,100,3,0,21.957636000000,50000000,/home/peppaspan/NTUA-Advanced_Computer_Architecture/exercises/3rd/benchmarks/4.1/real/raw/tas_cas/threads_1/grain_100/repeat_3.stdout.txt,/home/peppaspan/NTUA-Advanced_Computer_Architecture/exercises/3rd/benchmarks/4.1/real/raw/tas_cas/threads_1/grain_100/repeat_3.stderr.txt
tas_cas,1,50000000,100,4,0,21.847293000000,50000000,/home/peppaspan/NTUA-Advanced_Computer_Architecture/exercises/3rd/benchmarks/4.1/real/raw/tas_cas/threads_1/grain_100/repeat_4.stdout.txt,/home/peppaspan/NTUA-Advanced_Computer_Architecture/exercises/3rd/benchmarks/4.1/real/raw/tas_cas/threads_1/grain_100/repeat_4.stderr.txt
tas_cas,1,50000000,100,5,0,22.060111000000,50000000,/home/peppaspan/NTUA-Advanced_Computer_Architecture/exercises/3rd/benchmarks/4.1/real/raw/tas_cas/threads_1/grain_100/repeat_5.stdout.txt,/home/peppaspan/NTUA-Advanced_Computer_Architecture/exercises/3rd/benchmarks/4.1/real/raw/tas_cas/threads_1/grain_100/repeat_5.stderr.txt
tas_ts,1,50000000,100,1,0,22.521710000000,50000000,/home/peppaspan/NTUA-Advanced_Computer_Architecture/exercises/3rd/benchmarks/4.1/real/raw/tas_ts/threads_1/grain_100/repeat_1.stdout.txt,/home/peppaspan/NTUA-Advanced_Computer_Architecture/exercises/3rd/benchmarks/4.1/real/raw/tas_ts/threads_1/grain_100/repeat_1.stderr.txt
tas_ts,1,50000000,100,2,0,22.361320000000,50000000,/home/peppaspan/NTUA-Advanced_Computer_Architecture/exercises/3rd/benchmarks/4.1/real/raw/tas_ts/threads_1/grain_100/repeat_2.stdout.txt,/home/peppaspan/NTUA-Advanced_Computer_Architecture/exercises/3rd/benchmarks/4.1/real/raw/tas_ts/threads_1/grain_100/repeat_2.stderr.txt
tas_ts,1,50000000,100,3,0,22.497352000000,50000000,/home/peppaspan/NTUA-Advanced_Computer_Architecture/exercises/3rd/benchmarks/4.1/real/raw/tas_ts/threads_1/grain_100/repeat_3.stdout.txt,/home/peppaspan/NTUA-Advanced_Computer_Architecture/exercises/3rd/benchmarks/4.1/real/raw/tas_ts/threads_1/grain_100/repeat_3.stderr.txt
tas_ts,1,50000000,100,4,0,22.517217000000,50000000,/home/peppaspan/NTUA-Advanced_Computer_Architecture/exercises/3rd/benchmarks/4.1/real/raw/tas_ts/threads_1/grain_100/repeat_4.stdout.txt,/home/peppaspan/NTUA-Advanced_Computer_Architecture/exercises/3rd/benchmarks/4.1/real/raw/tas_ts/threads_1/grain_100/repeat_4.stderr.txt
tas_ts,1,50000000,100,5,0,22.459753000000,50000000,/home/peppaspan/NTUA-Advanced_Computer_Architecture/exercises/3rd/benchmarks/4.1/real/raw/tas_ts/threads_1/grain_100/repeat_5.stdout.txt,/home/peppaspan/NTUA-Advanced_Computer_Architecture/exercises/3rd/benchmarks/4.1/real/raw/tas_ts/threads_1/grain_100/repeat_5.stderr.txt
ttas_cas,1,50000000,100,1,0,22.643509000000,50000000,/home/peppaspan/NTUA-Advanced_Computer_Architecture/exercises/3rd/benchmarks/4.1/real/raw/ttas_cas/threads_1/grain_100/repeat_1.stdout.txt,/home/peppaspan/NTUA-Advanced_Computer_Architecture/exercises/3rd/benchmarks/4.1/real/raw/ttas_cas/threads_1/grain_100/repeat_1.stderr.txt
ttas_cas,1,50000000,100,2,0,22.632432000000,50000000,/home/peppaspan/NTUA-Advanced_Computer_Architecture/exercises/3rd/benchmarks/4.1/real/raw/ttas_cas/threads_1/grain_100/repeat_2.stdout.txt,/home/peppaspan/NTUA-Advanced_Computer_Architecture/exercises/3rd/benchmarks/4.1/real/raw/ttas_cas/threads_1/grain_100/repeat_2.stderr.txt
ttas_cas,1,50000000,100,3,0,22.632367000000,50000000,/home/peppaspan/NTUA-Advanced_Computer_Architecture/exercises/3rd/benchmarks/4.1/real/raw/ttas_cas/threads_1/grain_100/repeat_3.stdout.txt,/home/peppaspan/NTUA-Advanced_Computer_Architecture/exercises/3rd/benchmarks/4.1/real/raw/ttas_cas/threads_1/grain_100/repeat_3.stderr.txt
ttas_cas,1,50000000,100,4,0,22.430253000000,50000000,/home/peppaspan/NTUA-Advanced_Computer_Architecture/exercises/3rd/benchmarks/4.1/real/raw/ttas_cas/threads_1/grain_100/repeat_4.stdout.txt,/home/peppaspan/NTUA-Advanced_Computer_Architecture/exercises/3rd/benchmarks/4.1/real/raw/ttas_cas/threads_1/grain_100/repeat_4.stderr.txt
ttas_cas,1,50000000,100,5,0,22.510404000000,50000000,/home/peppaspan/NTUA-Advanced_Computer_Architecture/exercises/3rd/benchmarks/4.1/real/raw/ttas_cas/threads_1/grain_100/repeat_5.stdout.txt,/home/peppaspan/NTUA-Advanced_Computer_Architecture/exercises/3rd/benchmarks/4.1/real/raw/ttas_cas/threads_1/grain_100/repeat_5.stderr.txt
ttas_ts,1,50000000,100,1,0,22.622354000000,50000000,/home/peppaspan/NTUA-Advanced_Computer_Architecture/exercises/3rd/benchmarks/4.1/real/raw/ttas_ts/threads_1/grain_100/repeat_1.stdout.txt,/home/peppaspan/NTUA-Advanced_Computer_Architecture/exercises/3rd/benchmarks/4.1/real/raw/ttas_ts/threads_1/grain_100/repeat_1.stderr.txt
ttas_ts,1,50000000,100,2,0,22.330410000000,50000000,/home/peppaspan/NTUA-Advanced_Computer_Architecture/exercises/3rd/benchmarks/4.1/real/raw/ttas_ts/threads_1/grain_100/repeat_2.stdout.txt,/home/peppaspan/NTUA-Advanced_Computer_Architecture/exercises/3rd/benchmarks/4.1/real/raw/ttas_ts/threads_1/grain_100/repeat_2.stderr.txt
ttas_ts,1,50000000,100,3,0,22.407045000000,50000000,/home/peppaspan/NTUA-Advanced_Computer_Architecture/exercises/3rd/benchmarks/4.1/real/raw/ttas_ts/threads_1/grain_100/repeat_3.stdout.txt,/home/peppaspan/NTUA-Advanced_Computer_Architecture/exercises/3rd/benchmarks/4.1/real/raw/ttas_ts/threads_1/grain_100/repeat_3.stderr.txt
ttas_ts,1,50000000,100,4,0,22.483587000000,50000000,/home/peppaspan/NTUA-Advanced_Computer_Architecture/exercises/3rd/benchmarks/4.1/real/raw/ttas_ts/threads_1/grain_100/repeat_4.stdout.txt,/home/peppaspan/NTUA-Advanced_Computer_Architecture/exercises/3rd/benchmarks/4.1/real/raw/ttas_ts/threads_1/grain_100/repeat_4.stderr.txt
ttas_ts,1,50000000,100,5,0,22.646958000000,50000000,/home/peppaspan/NTUA-Advanced_Computer_Architecture/exercises/3rd/benchmarks/4.1/real/raw/ttas_ts/threads_1/grain_100/repeat_5.stdout.txt,/home/peppaspan/NTUA-Advanced_Computer_Architecture/exercises/3rd/benchmarks/4.1/real/raw/ttas_ts/threads_1/grain_100/repeat_5.stderr.txt
mutex,2,50000000,100,1,"0,2",116.456537000000,100000000,/home/peppaspan/NTUA-Advanced_Computer_Architecture/exercises/3rd/benchmarks/4.1/real/raw/mutex/threads_2/grain_100/repeat_1.stdout.txt,/home/peppaspan/NTUA-Advanced_Computer_Architecture/exercises/3rd/benchmarks/4.1/real/raw/mutex/threads_2/grain_100/repeat_1.stderr.txt
mutex,2,50000000,100,2,"0,2",116.552683000000,100000000,/home/peppaspan/NTUA-Advanced_Computer_Architecture/exercises/3rd/benchmarks/4.1/real/raw/mutex/threads_2/grain_100/repeat_2.stdout.txt,/home/peppaspan/NTUA-Advanced_Computer_Architecture/exercises/3rd/benchmarks/4.1/real/raw/mutex/threads_2/grain_100/repeat_2.stderr.txt
mutex,2,50000000,100,3,"0,2",116.513242000000,100000000,/home/peppaspan/NTUA-Advanced_Computer_Architecture/exercises/3rd/benchmarks/4.1/real/raw/mutex/threads_2/grain_100/repeat_3.stdout.txt,/home/peppaspan/NTUA-Advanced_Computer_Architecture/exercises/3rd/benchmarks/4.1/real/raw/mutex/threads_2/grain_100/repeat_3.stderr.txt
mutex,2,50000000,100,4,"0,2",117.440379000000,100000000,/home/peppaspan/NTUA-Advanced_Computer_Architecture/exercises/3rd/benchmarks/4.1/real/raw/mutex/threads_2/grain_100/repeat_4.stdout.txt,/home/peppaspan/NTUA-Advanced_Computer_Architecture/exercises/3rd/benchmarks/4.1/real/raw/mutex/threads_2/grain_100/repeat_4.stderr.txt
mutex,2,50000000,100,5,"0,2",116.451634000000,100000000,/home/peppaspan/NTUA-Advanced_Computer_Architecture/exercises/3rd/benchmarks/4.1/real/raw/mutex/threads_2/grain_100/repeat_5.stdout.txt,/home/peppaspan/NTUA-Advanced_Computer_Architecture/exercises/3rd/benchmarks/4.1/real/raw/mutex/threads_2/grain_100/repeat_5.stderr.txt
tas_cas,2,50000000,100,1,"0,2",55.144021000000,100000000,/home/peppaspan/NTUA-Advanced_Computer_Architecture/exercises/3rd/benchmarks/4.1/real/raw/tas_cas/threads_2/grain_100/repeat_1.stdout.txt,/home/peppaspan/NTUA-Advanced_Computer_Architecture/exercises/3rd/benchmarks/4.1/real/raw/tas_cas/threads_2/grain_100/repeat_1.stderr.txt
tas_cas,2,50000000,100,2,"0,2",55.042877000000,100000000,/home/peppaspan/NTUA-Advanced_Computer_Architecture/exercises/3rd/benchmarks/4.1/real/raw/tas_cas/threads_2/grain_100/repeat_2.stdout.txt,/home/peppaspan/NTUA-Advanced_Computer_Architecture/exercises/3rd/benchmarks/4.1/real/raw/tas_cas/threads_2/grain_100/repeat_2.stderr.txt
tas_cas,2,50000000,100,3,"0,2",54.747143000000,100000000,/home/peppaspan/NTUA-Advanced_Computer_Architecture/exercises/3rd/benchmarks/4.1/real/raw/tas_cas/threads_2/grain_100/repeat_3.stdout.txt,/home/peppaspan/NTUA-Advanced_Computer_Architecture/exercises/3rd/benchmarks/4.1/real/raw/tas_cas/threads_2/grain_100/repeat_3.stderr.txt
tas_cas,2,50000000,100,4,"0,2",55.360995000000,100000000,/home/peppaspan/NTUA-Advanced_Computer_Architecture/exercises/3rd/benchmarks/4.1/real/raw/tas_cas/threads_2/grain_100/repeat_4.stdout.txt,/home/peppaspan/NTUA-Advanced_Computer_Architecture/exercises/3rd/benchmarks/4.1/real/raw/tas_cas/threads_2/grain_100/repeat_4.stderr.txt
tas_cas,2,50000000,100,5,"0,2",55.300864000000,100000000,/home/peppaspan/NTUA-Advanced_Computer_Architecture/exercises/3rd/benchmarks/4.1/real/raw/tas_cas/threads_2/grain_100/repeat_5.stdout.txt,/home/peppaspan/NTUA-Advanced_Computer_Architecture/exercises/3rd/benchmarks/4.1/real/raw/tas_cas/threads_2/grain_100/repeat_5.stderr.txt
tas_ts,2,50000000,100,1,"0,2",55.102404000000,100000000,/home/peppaspan/NTUA-Advanced_Computer_Architecture/exercises/3rd/benchmarks/4.1/real/raw/tas_ts/threads_2/grain_100/repeat_1.stdout.txt,/home/peppaspan/NTUA-Advanced_Computer_Architecture/exercises/3rd/benchmarks/4.1/real/raw/tas_ts/threads_2/grain_100/repeat_1.stderr.txt
tas_ts,2,50000000,100,2,"0,2",55.010015000000,100000000,/home/peppaspan/NTUA-Advanced_Computer_Architecture/exercises/3rd/benchmarks/4.1/real/raw/tas_ts/threads_2/grain_100/repeat_2.stdout.txt,/home/peppaspan/NTUA-Advanced_Computer_Architecture/exercises/3rd/benchmarks/4.1/real/raw/tas_ts/threads_2/grain_100/repeat_2.stderr.txt
tas_ts,2,50000000,100,3,"0,2",54.961247000000,100000000,/home/peppaspan/NTUA-Advanced_Computer_Architecture/exercises/3rd/benchmarks/4.1/real/raw/tas_ts/threads_2/grain_100/repeat_3.stdout.txt,/home/peppaspan/NTUA-Advanced_Computer_Architecture/exercises/3rd/benchmarks/4.1/real/raw/tas_ts/threads_2/grain_100/repeat_3.stderr.txt
tas_ts,2,50000000,100,4,"0,2",54.761773000000,100000000,/home/peppaspan/NTUA-Advanced_Computer_Architecture/exercises/3rd/benchmarks/4.1/real/raw/tas_ts/threads_2/grain_100/repeat_4.stdout.txt,/home/peppaspan/NTUA-Advanced_Computer_Architecture/exercises/3rd/benchmarks/4.1/real/raw/tas_ts/threads_2/grain_100/repeat_4.stderr.txt
tas_ts,2,50000000,100,5,"0,2",54.656769000000,100000000,/home/peppaspan/NTUA-Advanced_Computer_Architecture/exercises/3rd/benchmarks/4.1/real/raw/tas_ts/threads_2/grain_100/repeat_5.stdout.txt,/home/peppaspan/NTUA-Advanced_Computer_Architecture/exercises/3rd/benchmarks/4.1/real/raw/tas_ts/threads_2/grain_100/repeat_5.stderr.txt
ttas_cas,2,50000000,100,1,"0,2",44.923671000000,100000000,/home/peppaspan/NTUA-Advanced_Computer_Architecture/exercises/3rd/benchmarks/4.1/real/raw/ttas_cas/threads_2/grain_100/repeat_1.stdout.txt,/home/peppaspan/NTUA-Advanced_Computer_Architecture/exercises/3rd/benchmarks/4.1/real/raw/ttas_cas/threads_2/grain_100/repeat_1.stderr.txt
ttas_cas,2,50000000,100,2,"0,2",44.749861000000,100000000,/home/peppaspan/NTUA-Advanced_Computer_Architecture/exercises/3rd/benchmarks/4.1/real/raw/ttas_cas/threads_2/grain_100/repeat_2.stdout.txt,/home/peppaspan/NTUA-Advanced_Computer_Architecture/exercises/3rd/benchmarks/4.1/real/raw/ttas_cas/threads_2/grain_100/repeat_2.stderr.txt
ttas_cas,2,50000000,100,3,"0,2",44.573007000000,100000000,/home/peppaspan/NTUA-Advanced_Computer_Architecture/exercises/3rd/benchmarks/4.1/real/raw/ttas_cas/threads_2/grain_100/repeat_3.stdout.txt,/home/peppaspan/NTUA-Advanced_Computer_Architecture/exercises/3rd/benchmarks/4.1/real/raw/ttas_cas/threads_2/grain_100/repeat_3.stderr.txt
ttas_cas,2,50000000,100,4,"0,2",44.590089000000,100000000,/home/peppaspan/NTUA-Advanced_Computer_Architecture/exercises/3rd/benchmarks/4.1/real/raw/ttas_cas/threads_2/grain_100/repeat_4.stdout.txt,/home/peppaspan/NTUA-Advanced_Computer_Architecture/exercises/3rd/benchmarks/4.1/real/raw/ttas_cas/threads_2/grain_100/repeat_4.stderr.txt
ttas_cas,2,50000000,100,5,"0,2",44.576710000000,100000000,/home/peppaspan/NTUA-Advanced_Computer_Architecture/exercises/3rd/benchmarks/4.1/real/raw/ttas_cas/threads_2/grain_100/repeat_5.stdout.txt,/home/peppaspan/NTUA-Advanced_Computer_Architecture/exercises/3rd/benchmarks/4.1/real/raw/ttas_cas/threads_2/grain_100/repeat_5.stderr.txt
ttas_ts,2,50000000,100,1,"0,2",45.090437000000,100000000,/home/peppaspan/NTUA-Advanced_Computer_Architecture/exercises/3rd/benchmarks/4.1/real/raw/ttas_ts/threads_2/grain_100/repeat_1.stdout.txt,/home/peppaspan/NTUA-Advanced_Computer_Architecture/exercises/3rd/benchmarks/4.1/real/raw/ttas_ts/threads_2/grain_100/repeat_1.stderr.txt
ttas_ts,2,50000000,100,2,"0,2",45.325088000000,100000000,/home/peppaspan/NTUA-Advanced_Computer_Architecture/exercises/3rd/benchmarks/4.1/real/raw/ttas_ts/threads_2/grain_100/repeat_2.stdout.txt,/home/peppaspan/NTUA-Advanced_Computer_Architecture/exercises/3rd/benchmarks/4.1/real/raw/ttas_ts/threads_2/grain_100/repeat_2.stderr.txt
ttas_ts,2,50000000,100,3,"0,2",44.891943000000,100000000,/home/peppaspan/NTUA-Advanced_Computer_Architecture/exercises/3rd/benchmarks/4.1/real/raw/ttas_ts/threads_2/grain_100/repeat_3.stdout.txt,/home/peppaspan/NTUA-Advanced_Computer_Architecture/exercises/3rd/benchmarks/4.1/real/raw/ttas_ts/threads_2/grain_100/repeat_3.stderr.txt
ttas_ts,2,50000000,100,4,"0,2",44.933238000000,100000000,/home/peppaspan/NTUA-Advanced_Computer_Architecture/exercises/3rd/benchmarks/4.1/real/raw/ttas_ts/threads_2/grain_100/repeat_4.stdout.txt,/home/peppaspan/NTUA-Advanced_Computer_Architecture/exercises/3rd/benchmarks/4.1/real/raw/ttas_ts/threads_2/grain_100/repeat_4.stderr.txt
ttas_ts,2,50000000,100,5,"0,2",44.431614000000,100000000,/home/peppaspan/NTUA-Advanced_Computer_Architecture/exercises/3rd/benchmarks/4.1/real/raw/ttas_ts/threads_2/grain_100/repeat_5.stdout.txt,/home/peppaspan/NTUA-Advanced_Computer_Architecture/exercises/3rd/benchmarks/4.1/real/raw/ttas_ts/threads_2/grain_100/repeat_5.stderr.txt
mutex,4,50000000,100,1,"0,2,4,6",185.047387000000,200000000,/home/peppaspan/NTUA-Advanced_Computer_Architecture/exercises/3rd/benchmarks/4.1/real/raw/mutex/threads_4/grain_100/repeat_1.stdout.txt,/home/peppaspan/NTUA-Advanced_Computer_Architecture/exercises/3rd/benchmarks/4.1/real/raw/mutex/threads_4/grain_100/repeat_1.stderr.txt
mutex,4,50000000,100,2,"0,2,4,6",184.608294000000,200000000,/home/peppaspan/NTUA-Advanced_Computer_Architecture/exercises/3rd/benchmarks/4.1/real/raw/mutex/threads_4/grain_100/repeat_2.stdout.txt,/home/peppaspan/NTUA-Advanced_Computer_Architecture/exercises/3rd/benchmarks/4.1/real/raw/mutex/threads_4/grain_100/repeat_2.stderr.txt
mutex,4,50000000,100,3,"0,2,4,6",185.939095000000,200000000,/home/peppaspan/NTUA-Advanced_Computer_Architecture/exercises/3rd/benchmarks/4.1/real/raw/mutex/threads_4/grain_100/repeat_3.stdout.txt,/home/peppaspan/NTUA-Advanced_Computer_Architecture/exercises/3rd/benchmarks/4.1/real/raw/mutex/threads_4/grain_100/repeat_3.stderr.txt
mutex,4,50000000,100,4,"0,2,4,6",185.676879000000,200000000,/home/peppaspan/NTUA-Advanced_Computer_Architecture/exercises/3rd/benchmarks/4.1/real/raw/mutex/threads_4/grain_100/repeat_4.stdout.txt,/home/peppaspan/NTUA-Advanced_Computer_Architecture/exercises/3rd/benchmarks/4.1/real/raw/mutex/threads_4/grain_100/repeat_4.stderr.txt
mutex,4,50000000,100,5,"0,2,4,6",187.337828000000,200000000,/home/peppaspan/NTUA-Advanced_Computer_Architecture/exercises/3rd/benchmarks/4.1/real/raw/mutex/threads_4/grain_100/repeat_5.stdout.txt,/home/peppaspan/NTUA-Advanced_Computer_Architecture/exercises/3rd/benchmarks/4.1/real/raw/mutex/threads_4/grain_100/repeat_5.stderr.txt
tas_cas,4,50000000,100,1,"0,2,4,6",106.063200000000,200000000,/home/peppaspan/NTUA-Advanced_Computer_Architecture/exercises/3rd/benchmarks/4.1/real/raw/tas_cas/threads_4/grain_100/repeat_1.stdout.txt,/home/peppaspan/NTUA-Advanced_Computer_Architecture/exercises/3rd/benchmarks/4.1/real/raw/tas_cas/threads_4/grain_100/repeat_1.stderr.txt
tas_cas,4,50000000,100,2,"0,2,4,6",106.236225000000,200000000,/home/peppaspan/NTUA-Advanced_Computer_Architecture/exercises/3rd/benchmarks/4.1/real/raw/tas_cas/threads_4/grain_100/repeat_2.stdout.txt,/home/peppaspan/NTUA-Advanced_Computer_Architecture/exercises/3rd/benchmarks/4.1/real/raw/tas_cas/threads_4/grain_100/repeat_2.stderr.txt
tas_cas,4,50000000,100,3,"0,2,4,6",105.623666000000,200000000,/home/peppaspan/NTUA-Advanced_Computer_Architecture/exercises/3rd/benchmarks/4.1/real/raw/tas_cas/threads_4/grain_100/repeat_3.stdout.txt,/home/peppaspan/NTUA-Advanced_Computer_Architecture/exercises/3rd/benchmarks/4.1/real/raw/tas_cas/threads_4/grain_100/repeat_3.stderr.txt
tas_cas,4,50000000,100,4,"0,2,4,6",106.014213000000,200000000,/home/peppaspan/NTUA-Advanced_Computer_Architecture/exercises/3rd/benchmarks/4.1/real/raw/tas_cas/threads_4/grain_100/repeat_4.stdout.txt,/home/peppaspan/NTUA-Advanced_Computer_Architecture/exercises/3rd/benchmarks/4.1/real/raw/tas_cas/threads_4/grain_100/repeat_4.stderr.txt
tas_cas,4,50000000,100,5,"0,2,4,6",105.483608000000,200000000,/home/peppaspan/NTUA-Advanced_Computer_Architecture/exercises/3rd/benchmarks/4.1/real/raw/tas_cas/threads_4/grain_100/repeat_5.stdout.txt,/home/peppaspan/NTUA-Advanced_Computer_Architecture/exercises/3rd/benchmarks/4.1/real/raw/tas_cas/threads_4/grain_100/repeat_5.stderr.txt
tas_ts,4,50000000,100,1,"0,2,4,6",105.963782000000,200000000,/home/peppaspan/NTUA-Advanced_Computer_Architecture/exercises/3rd/benchmarks/4.1/real/raw/tas_ts/threads_4/grain_100/repeat_1.stdout.txt,/home/peppaspan/NTUA-Advanced_Computer_Architecture/exercises/3rd/benchmarks/4.1/real/raw/tas_ts/threads_4/grain_100/repeat_1.stderr.txt
tas_ts,4,50000000,100,2,"0,2,4,6",106.122463000000,200000000,/home/peppaspan/NTUA-Advanced_Computer_Architecture/exercises/3rd/benchmarks/4.1/real/raw/tas_ts/threads_4/grain_100/repeat_2.stdout.txt,/home/peppaspan/NTUA-Advanced_Computer_Architecture/exercises/3rd/benchmarks/4.1/real/raw/tas_ts/threads_4/grain_100/repeat_2.stderr.txt
tas_ts,4,50000000,100,3,"0,2,4,6",105.789289000000,200000000,/home/peppaspan/NTUA-Advanced_Computer_Architecture/exercises/3rd/benchmarks/4.1/real/raw/tas_ts/threads_4/grain_100/repeat_3.stdout.txt,/home/peppaspan/NTUA-Advanced_Computer_Architecture/exercises/3rd/benchmarks/4.1/real/raw/tas_ts/threads_4/grain_100/repeat_3.stderr.txt
tas_ts,4,50000000,100,4,"0,2,4,6",106.743283000000,200000000,/home/peppaspan/NTUA-Advanced_Computer_Architecture/exercises/3rd/benchmarks/4.1/real/raw/tas_ts/threads_4/grain_100/repeat_4.stdout.txt,/home/peppaspan/NTUA-Advanced_Computer_Architecture/exercises/3rd/benchmarks/4.1/real/raw/tas_ts/threads_4/grain_100/repeat_4.stderr.txt
tas_ts,4,50000000,100,5,"0,2,4,6",106.635314000000,200000000,/home/peppaspan/NTUA-Advanced_Computer_Architecture/exercises/3rd/benchmarks/4.1/real/raw/tas_ts/threads_4/grain_100/repeat_5.stdout.txt,/home/peppaspan/NTUA-Advanced_Computer_Architecture/exercises/3rd/benchmarks/4.1/real/raw/tas_ts/threads_4/grain_100/repeat_5.stderr.txt
ttas_cas,4,50000000,100,1,"0,2,4,6",94.346246000000,200000000,/home/peppaspan/NTUA-Advanced_Computer_Architecture/exercises/3rd/benchmarks/4.1/real/raw/ttas_cas/threads_4/grain_100/repeat_1.stdout.txt,/home/peppaspan/NTUA-Advanced_Computer_Architecture/exercises/3rd/benchmarks/4.1/real/raw/ttas_cas/threads_4/grain_100/repeat_1.stderr.txt
ttas_cas,4,50000000,100,2,"0,2,4,6",95.063895000000,200000000,/home/peppaspan/NTUA-Advanced_Computer_Architecture/exercises/3rd/benchmarks/4.1/real/raw/ttas_cas/threads_4/grain_100/repeat_2.stdout.txt,/home/peppaspan/NTUA-Advanced_Computer_Architecture/exercises/3rd/benchmarks/4.1/real/raw/ttas_cas/threads_4/grain_100/repeat_2.stderr.txt
ttas_cas,4,50000000,100,3,"0,2,4,6",94.818556000000,200000000,/home/peppaspan/NTUA-Advanced_Computer_Architecture/exercises/3rd/benchmarks/4.1/real/raw/ttas_cas/threads_4/grain_100/repeat_3.stdout.txt,/home/peppaspan/NTUA-Advanced_Computer_Architecture/exercises/3rd/benchmarks/4.1/real/raw/ttas_cas/threads_4/grain_100/repeat_3.stderr.txt
ttas_cas,4,50000000,100,4,"0,2,4,6",94.524686000000,200000000,/home/peppaspan/NTUA-Advanced_Computer_Architecture/exercises/3rd/benchmarks/4.1/real/raw/ttas_cas/threads_4/grain_100/repeat_4.stdout.txt,/home/peppaspan/NTUA-Advanced_Computer_Architecture/exercises/3rd/benchmarks/4.1/real/raw/ttas_cas/threads_4/grain_100/repeat_4.stderr.txt
ttas_cas,4,50000000,100,5,"0,2,4,6",94.837640000000,200000000,/home/peppaspan/NTUA-Advanced_Computer_Architecture/exercises/3rd/benchmarks/4.1/real/raw/ttas_cas/threads_4/grain_100/repeat_5.stdout.txt,/home/peppaspan/NTUA-Advanced_Computer_Architecture/exercises/3rd/benchmarks/4.1/real/raw/ttas_cas/threads_4/grain_100/repeat_5.stderr.txt
ttas_ts,4,50000000,100,1,"0,2,4,6",94.946787000000,200000000,/home/peppaspan/NTUA-Advanced_Computer_Architecture/exercises/3rd/benchmarks/4.1/real/raw/ttas_ts/threads_4/grain_100/repeat_1.stdout.txt,/home/peppaspan/NTUA-Advanced_Computer_Architecture/exercises/3rd/benchmarks/4.1/real/raw/ttas_ts/threads_4/grain_100/repeat_1.stderr.txt
ttas_ts,4,50000000,100,2,"0,2,4,6",94.962738000000,200000000,/home/peppaspan/NTUA-Advanced_Computer_Architecture/exercises/3rd/benchmarks/4.1/real/raw/ttas_ts/threads_4/grain_100/repeat_2.stdout.txt,/home/peppaspan/NTUA-Advanced_Computer_Architecture/exercises/3rd/benchmarks/4.1/real/raw/ttas_ts/threads_4/grain_100/repeat_2.stderr.txt
ttas_ts,4,50000000,100,3,"0,2,4,6",94.974775000000,200000000,/home/peppaspan/NTUA-Advanced_Computer_Architecture/exercises/3rd/benchmarks/4.1/real/raw/ttas_ts/threads_4/grain_100/repeat_3.stdout.txt,/home/peppaspan/NTUA-Advanced_Computer_Architecture/exercises/3rd/benchmarks/4.1/real/raw/ttas_ts/threads_4/grain_100/repeat_3.stderr.txt
ttas_ts,4,50000000,100,4,"0,2,4,6",94.262434000000,200000000,/home/peppaspan/NTUA-Advanced_Computer_Architecture/exercises/3rd/benchmarks/4.1/real/raw/ttas_ts/threads_4/grain_100/repeat_4.stdout.txt,/home/peppaspan/NTUA-Advanced_Computer_Architecture/exercises/3rd/benchmarks/4.1/real/raw/ttas_ts/threads_4/grain_100/repeat_4.stderr.txt
ttas_ts,4,50000000,100,5,"0,2,4,6",94.148129000000,200000000,/home/peppaspan/NTUA-Advanced_Computer_Architecture/exercises/3rd/benchmarks/4.1/real/raw/ttas_ts/threads_4/grain_100/repeat_5.stdout.txt,/home/peppaspan/NTUA-Advanced_Computer_Architecture/exercises/3rd/benchmarks/4.1/real/raw/ttas_ts/threads_4/grain_100/repeat_5.stderr.txt
mutex,8,50000000,100,1,"0,2,4,6,8,10,12,14",456.491275000000,400000000,/home/peppaspan/NTUA-Advanced_Computer_Architecture/exercises/3rd/benchmarks/4.1/real/raw/mutex/threads_8/grain_100/repeat_1.stdout.txt,/home/peppaspan/NTUA-Advanced_Computer_Architecture/exercises/3rd/benchmarks/4.1/real/raw/mutex/threads_8/grain_100/repeat_1.stderr.txt
mutex,8,50000000,100,2,"0,2,4,6,8,10,12,14",457.708076000000,400000000,/home/peppaspan/NTUA-Advanced_Computer_Architecture/exercises/3rd/benchmarks/4.1/real/raw/mutex/threads_8/grain_100/repeat_2.stdout.txt,/home/peppaspan/NTUA-Advanced_Computer_Architecture/exercises/3rd/benchmarks/4.1/real/raw/mutex/threads_8/grain_100/repeat_2.stderr.txt
mutex,8,50000000,100,3,"0,2,4,6,8,10,12,14",465.637203000000,400000000,/home/peppaspan/NTUA-Advanced_Computer_Architecture/exercises/3rd/benchmarks/4.1/real/raw/mutex/threads_8/grain_100/repeat_3.stdout.txt,/home/peppaspan/NTUA-Advanced_Computer_Architecture/exercises/3rd/benchmarks/4.1/real/raw/mutex/threads_8/grain_100/repeat_3.stderr.txt
mutex,8,50000000,100,4,"0,2,4,6,8,10,12,14",477.545019000000,400000000,/home/peppaspan/NTUA-Advanced_Computer_Architecture/exercises/3rd/benchmarks/4.1/real/raw/mutex/threads_8/grain_100/repeat_4.stdout.txt,/home/peppaspan/NTUA-Advanced_Computer_Architecture/exercises/3rd/benchmarks/4.1/real/raw/mutex/threads_8/grain_100/repeat_4.stderr.txt
mutex,8,50000000,100,5,"0,2,4,6,8,10,12,14",480.182405000000,400000000,/home/peppaspan/NTUA-Advanced_Computer_Architecture/exercises/3rd/benchmarks/4.1/real/raw/mutex/threads_8/grain_100/repeat_5.stdout.txt,/home/peppaspan/NTUA-Advanced_Computer_Architecture/exercises/3rd/benchmarks/4.1/real/raw/mutex/threads_8/grain_100/repeat_5.stderr.txt
tas_cas,8,50000000,100,1,"0,2,4,6,8,10,12,14",236.386089000000,400000000,/home/peppaspan/NTUA-Advanced_Computer_Architecture/exercises/3rd/benchmarks/4.1/real/raw/tas_cas/threads_8/grain_100/repeat_1.stdout.txt,/home/peppaspan/NTUA-Advanced_Computer_Architecture/exercises/3rd/benchmarks/4.1/real/raw/tas_cas/threads_8/grain_100/repeat_1.stderr.txt
tas_cas,8,50000000,100,2,"0,2,4,6,8,10,12,14",236.177803000000,400000000,/home/peppaspan/NTUA-Advanced_Computer_Architecture/exercises/3rd/benchmarks/4.1/real/raw/tas_cas/threads_8/grain_100/repeat_2.stdout.txt,/home/peppaspan/NTUA-Advanced_Computer_Architecture/exercises/3rd/benchmarks/4.1/real/raw/tas_cas/threads_8/grain_100/repeat_2.stderr.txt
tas_cas,8,50000000,100,3,"0,2,4,6,8,10,12,14",241.129944000000,400000000,/home/peppaspan/NTUA-Advanced_Computer_Architecture/exercises/3rd/benchmarks/4.1/real/raw/tas_cas/threads_8/grain_100/repeat_3.stdout.txt,/home/peppaspan/NTUA-Advanced_Computer_Architecture/exercises/3rd/benchmarks/4.1/real/raw/tas_cas/threads_8/grain_100/repeat_3.stderr.txt
tas_cas,8,50000000,100,4,"0,2,4,6,8,10,12,14",237.805654000000,400000000,/home/peppaspan/NTUA-Advanced_Computer_Architecture/exercises/3rd/benchmarks/4.1/real/raw/tas_cas/threads_8/grain_100/repeat_4.stdout.txt,/home/peppaspan/NTUA-Advanced_Computer_Architecture/exercises/3rd/benchmarks/4.1/real/raw/tas_cas/threads_8/grain_100/repeat_4.stderr.txt
tas_cas,8,50000000,100,5,"0,2,4,6,8,10,12,14",239.626378000000,400000000,/home/peppaspan/NTUA-Advanced_Computer_Architecture/exercises/3rd/benchmarks/4.1/real/raw/tas_cas/threads_8/grain_100/repeat_5.stdout.txt,/home/peppaspan/NTUA-Advanced_Computer_Architecture/exercises/3rd/benchmarks/4.1/real/raw/tas_cas/threads_8/grain_100/repeat_5.stderr.txt
tas_ts,8,50000000,100,1,"0,2,4,6,8,10,12,14",240.043655000000,400000000,/home/peppaspan/NTUA-Advanced_Computer_Architecture/exercises/3rd/benchmarks/4.1/real/raw/tas_ts/threads_8/grain_100/repeat_1.stdout.txt,/home/peppaspan/NTUA-Advanced_Computer_Architecture/exercises/3rd/benchmarks/4.1/real/raw/tas_ts/threads_8/grain_100/repeat_1.stderr.txt
tas_ts,8,50000000,100,2,"0,2,4,6,8,10,12,14",238.260444000000,400000000,/home/peppaspan/NTUA-Advanced_Computer_Architecture/exercises/3rd/benchmarks/4.1/real/raw/tas_ts/threads_8/grain_100/repeat_2.stdout.txt,/home/peppaspan/NTUA-Advanced_Computer_Architecture/exercises/3rd/benchmarks/4.1/real/raw/tas_ts/threads_8/grain_100/repeat_2.stderr.txt
tas_ts,8,50000000,100,3,"0,2,4,6,8,10,12,14",282.828136000000,400000000,/home/peppaspan/NTUA-Advanced_Computer_Architecture/exercises/3rd/benchmarks/4.1/real/raw/tas_ts/threads_8/grain_100/repeat_3.stdout.txt,/home/peppaspan/NTUA-Advanced_Computer_Architecture/exercises/3rd/benchmarks/4.1/real/raw/tas_ts/threads_8/grain_100/repeat_3.stderr.txt
tas_ts,8,50000000,100,4,"0,2,4,6,8,10,12,14",244.714866000000,400000000,/home/peppaspan/NTUA-Advanced_Computer_Architecture/exercises/3rd/benchmarks/4.1/real/raw/tas_ts/threads_8/grain_100/repeat_4.stdout.txt,/home/peppaspan/NTUA-Advanced_Computer_Architecture/exercises/3rd/benchmarks/4.1/real/raw/tas_ts/threads_8/grain_100/repeat_4.stderr.txt
tas_ts,8,50000000,100,5,"0,2,4,6,8,10,12,14",238.585024000000,400000000,/home/peppaspan/NTUA-Advanced_Computer_Architecture/exercises/3rd/benchmarks/4.1/real/raw/tas_ts/threads_8/grain_100/repeat_5.stdout.txt,/home/peppaspan/NTUA-Advanced_Computer_Architecture/exercises/3rd/benchmarks/4.1/real/raw/tas_ts/threads_8/grain_100/repeat_5.stderr.txt
ttas_cas,8,50000000,100,1,"0,2,4,6,8,10,12,14",200.845920000000,400000000,/home/peppaspan/NTUA-Advanced_Computer_Architecture/exercises/3rd/benchmarks/4.1/real/raw/ttas_cas/threads_8/grain_100/repeat_1.stdout.txt,/home/peppaspan/NTUA-Advanced_Computer_Architecture/exercises/3rd/benchmarks/4.1/real/raw/ttas_cas/threads_8/grain_100/repeat_1.stderr.txt
ttas_cas,8,50000000,100,2,"0,2,4,6,8,10,12,14",201.299631000000,400000000,/home/peppaspan/NTUA-Advanced_Computer_Architecture/exercises/3rd/benchmarks/4.1/real/raw/ttas_cas/threads_8/grain_100/repeat_2.stdout.txt,/home/peppaspan/NTUA-Advanced_Computer_Architecture/exercises/3rd/benchmarks/4.1/real/raw/ttas_cas/threads_8/grain_100/repeat_2.stderr.txt
ttas_cas,8,50000000,100,3,"0,2,4,6,8,10,12,14",199.420995000000,400000000,/home/peppaspan/NTUA-Advanced_Computer_Architecture/exercises/3rd/benchmarks/4.1/real/raw/ttas_cas/threads_8/grain_100/repeat_3.stdout.txt,/home/peppaspan/NTUA-Advanced_Computer_Architecture/exercises/3rd/benchmarks/4.1/real/raw/ttas_cas/threads_8/grain_100/repeat_3.stderr.txt
ttas_cas,8,50000000,100,4,"0,2,4,6,8,10,12,14",198.393127000000,400000000,/home/peppaspan/NTUA-Advanced_Computer_Architecture/exercises/3rd/benchmarks/4.1/real/raw/ttas_cas/threads_8/grain_100/repeat_4.stdout.txt,/home/peppaspan/NTUA-Advanced_Computer_Architecture/exercises/3rd/benchmarks/4.1/real/raw/ttas_cas/threads_8/grain_100/repeat_4.stderr.txt
ttas_cas,8,50000000,100,5,"0,2,4,6,8,10,12,14",200.494926000000,400000000,/home/peppaspan/NTUA-Advanced_Computer_Architecture/exercises/3rd/benchmarks/4.1/real/raw/ttas_cas/threads_8/grain_100/repeat_5.stdout.txt,/home/peppaspan/NTUA-Advanced_Computer_Architecture/exercises/3rd/benchmarks/4.1/real/raw/ttas_cas/threads_8/grain_100/repeat_5.stderr.txt
ttas_ts,8,50000000,100,1,"0,2,4,6,8,10,12,14",200.564581000000,400000000,/home/peppaspan/NTUA-Advanced_Computer_Architecture/exercises/3rd/benchmarks/4.1/real/raw/ttas_ts/threads_8/grain_100/repeat_1.stdout.txt,/home/peppaspan/NTUA-Advanced_Computer_Architecture/exercises/3rd/benchmarks/4.1/real/raw/ttas_ts/threads_8/grain_100/repeat_1.stderr.txt
ttas_ts,8,50000000,100,2,"0,2,4,6,8,10,12,14",202.031600000000,400000000,/home/peppaspan/NTUA-Advanced_Computer_Architecture/exercises/3rd/benchmarks/4.1/real/raw/ttas_ts/threads_8/grain_100/repeat_2.stdout.txt,/home/peppaspan/NTUA-Advanced_Computer_Architecture/exercises/3rd/benchmarks/4.1/real/raw/ttas_ts/threads_8/grain_100/repeat_2.stderr.txt
ttas_ts,8,50000000,100,3,"0,2,4,6,8,10,12,14",201.239291000000,400000000,/home/peppaspan/NTUA-Advanced_Computer_Architecture/exercises/3rd/benchmarks/4.1/real/raw/ttas_ts/threads_8/grain_100/repeat_3.stdout.txt,/home/peppaspan/NTUA-Advanced_Computer_Architecture/exercises/3rd/benchmarks/4.1/real/raw/ttas_ts/threads_8/grain_100/repeat_3.stderr.txt
ttas_ts,8,50000000,100,4,"0,2,4,6,8,10,12,14",202.031549000000,400000000,/home/peppaspan/NTUA-Advanced_Computer_Architecture/exercises/3rd/benchmarks/4.1/real/raw/ttas_ts/threads_8/grain_100/repeat_4.stdout.txt,/home/peppaspan/NTUA-Advanced_Computer_Architecture/exercises/3rd/benchmarks/4.1/real/raw/ttas_ts/threads_8/grain_100/repeat_4.stderr.txt
ttas_ts,8,50000000,100,5,"0,2,4,6,8,10,12,14",201.551110000000,400000000,/home/peppaspan/NTUA-Advanced_Computer_Architecture/exercises/3rd/benchmarks/4.1/real/raw/ttas_ts/threads_8/grain_100/repeat_5.stdout.txt,/home/peppaspan/NTUA-Advanced_Computer_Architecture/exercises/3rd/benchmarks/4.1/real/raw/ttas_ts/threads_8/grain_100/repeat_5.stderr.txt
mutex,16,50000000,100,1,"0,2,4,6,8,10,12,14,16,17,18,19,20,21,22,23",1197.222199000000,800000000,/home/peppaspan/NTUA-Advanced_Computer_Architecture/exercises/3rd/benchmarks/4.1/real/raw/mutex/threads_16/grain_100/repeat_1.stdout.txt,/home/peppaspan/NTUA-Advanced_Computer_Architecture/exercises/3rd/benchmarks/4.1/real/raw/mutex/threads_16/grain_100/repeat_1.stderr.txt
mutex,16,50000000,100,2,"0,2,4,6,8,10,12,14,16,17,18,19,20,21,22,23",1204.334382000000,800000000,/home/peppaspan/NTUA-Advanced_Computer_Architecture/exercises/3rd/benchmarks/4.1/real/raw/mutex/threads_16/grain_100/repeat_2.stdout.txt,/home/peppaspan/NTUA-Advanced_Computer_Architecture/exercises/3rd/benchmarks/4.1/real/raw/mutex/threads_16/grain_100/repeat_2.stderr.txt
mutex,16,50000000,100,3,"0,2,4,6,8,10,12,14,16,17,18,19,20,21,22,23",1210.309613000000,800000000,/home/peppaspan/NTUA-Advanced_Computer_Architecture/exercises/3rd/benchmarks/4.1/real/raw/mutex/threads_16/grain_100/repeat_3.stdout.txt,/home/peppaspan/NTUA-Advanced_Computer_Architecture/exercises/3rd/benchmarks/4.1/real/raw/mutex/threads_16/grain_100/repeat_3.stderr.txt
mutex,16,50000000,100,4,"0,2,4,6,8,10,12,14,16,17,18,19,20,21,22,23",1198.988357000000,800000000,/home/peppaspan/NTUA-Advanced_Computer_Architecture/exercises/3rd/benchmarks/4.1/real/raw/mutex/threads_16/grain_100/repeat_4.stdout.txt,/home/peppaspan/NTUA-Advanced_Computer_Architecture/exercises/3rd/benchmarks/4.1/real/raw/mutex/threads_16/grain_100/repeat_4.stderr.txt
mutex,16,50000000,100,5,"0,2,4,6,8,10,12,14,16,17,18,19,20,21,22,23",1203.154081000000,800000000,/home/peppaspan/NTUA-Advanced_Computer_Architecture/exercises/3rd/benchmarks/4.1/real/raw/mutex/threads_16/grain_100/repeat_5.stdout.txt,/home/peppaspan/NTUA-Advanced_Computer_Architecture/exercises/3rd/benchmarks/4.1/real/raw/mutex/threads_16/grain_100/repeat_5.stderr.txt
tas_cas,16,50000000,100,1,"0,2,4,6,8,10,12,14,16,17,18,19,20,21,22,23",725.161069000000,800000000,/home/peppaspan/NTUA-Advanced_Computer_Architecture/exercises/3rd/benchmarks/4.1/real/raw/tas_cas/threads_16/grain_100/repeat_1.stdout.txt,/home/peppaspan/NTUA-Advanced_Computer_Architecture/exercises/3rd/benchmarks/4.1/real/raw/tas_cas/threads_16/grain_100/repeat_1.stderr.txt
tas_cas,16,50000000,100,2,"0,2,4,6,8,10,12,14,16,17,18,19,20,21,22,23",733.972156000000,800000000,/home/peppaspan/NTUA-Advanced_Computer_Architecture/exercises/3rd/benchmarks/4.1/real/raw/tas_cas/threads_16/grain_100/repeat_2.stdout.txt,/home/peppaspan/NTUA-Advanced_Computer_Architecture/exercises/3rd/benchmarks/4.1/real/raw/tas_cas/threads_16/grain_100/repeat_2.stderr.txt
tas_cas,16,50000000,100,3,"0,2,4,6,8,10,12,14,16,17,18,19,20,21,22,23",715.278046000000,800000000,/home/peppaspan/NTUA-Advanced_Computer_Architecture/exercises/3rd/benchmarks/4.1/real/raw/tas_cas/threads_16/grain_100/repeat_3.stdout.txt,/home/peppaspan/NTUA-Advanced_Computer_Architecture/exercises/3rd/benchmarks/4.1/real/raw/tas_cas/threads_16/grain_100/repeat_3.stderr.txt
tas_cas,16,50000000,100,4,"0,2,4,6,8,10,12,14,16,17,18,19,20,21,22,23",745.484792000000,800000000,/home/peppaspan/NTUA-Advanced_Computer_Architecture/exercises/3rd/benchmarks/4.1/real/raw/tas_cas/threads_16/grain_100/repeat_4.stdout.txt,/home/peppaspan/NTUA-Advanced_Computer_Architecture/exercises/3rd/benchmarks/4.1/real/raw/tas_cas/threads_16/grain_100/repeat_4.stderr.txt
tas_cas,16,50000000,100,5,"0,2,4,6,8,10,12,14,16,17,18,19,20,21,22,23",731.310517000000,800000000,/home/peppaspan/NTUA-Advanced_Computer_Architecture/exercises/3rd/benchmarks/4.1/real/raw/tas_cas/threads_16/grain_100/repeat_5.stdout.txt,/home/peppaspan/NTUA-Advanced_Computer_Architecture/exercises/3rd/benchmarks/4.1/real/raw/tas_cas/threads_16/grain_100/repeat_5.stderr.txt
tas_ts,16,50000000,100,1,"0,2,4,6,8,10,12,14,16,17,18,19,20,21,22,23",783.261461000000,800000000,/home/peppaspan/NTUA-Advanced_Computer_Architecture/exercises/3rd/benchmarks/4.1/real/raw/tas_ts/threads_16/grain_100/repeat_1.stdout.txt,/home/peppaspan/NTUA-Advanced_Computer_Architecture/exercises/3rd/benchmarks/4.1/real/raw/tas_ts/threads_16/grain_100/repeat_1.stderr.txt
tas_ts,16,50000000,100,2,"0,2,4,6,8,10,12,14,16,17,18,19,20,21,22,23",709.925601000000,800000000,/home/peppaspan/NTUA-Advanced_Computer_Architecture/exercises/3rd/benchmarks/4.1/real/raw/tas_ts/threads_16/grain_100/repeat_2.stdout.txt,/home/peppaspan/NTUA-Advanced_Computer_Architecture/exercises/3rd/benchmarks/4.1/real/raw/tas_ts/threads_16/grain_100/repeat_2.stderr.txt
tas_ts,16,50000000,100,3,"0,2,4,6,8,10,12,14,16,17,18,19,20,21,22,23",747.573609000000,800000000,/home/peppaspan/NTUA-Advanced_Computer_Architecture/exercises/3rd/benchmarks/4.1/real/raw/tas_ts/threads_16/grain_100/repeat_3.stdout.txt,/home/peppaspan/NTUA-Advanced_Computer_Architecture/exercises/3rd/benchmarks/4.1/real/raw/tas_ts/threads_16/grain_100/repeat_3.stderr.txt
tas_ts,16,50000000,100,4,"0,2,4,6,8,10,12,14,16,17,18,19,20,21,22,23",786.646507000000,800000000,/home/peppaspan/NTUA-Advanced_Computer_Architecture/exercises/3rd/benchmarks/4.1/real/raw/tas_ts/threads_16/grain_100/repeat_4.stdout.txt,/home/peppaspan/NTUA-Advanced_Computer_Architecture/exercises/3rd/benchmarks/4.1/real/raw/tas_ts/threads_16/grain_100/repeat_4.stderr.txt
tas_ts,16,50000000,100,5,"0,2,4,6,8,10,12,14,16,17,18,19,20,21,22,23",773.666274000000,800000000,/home/peppaspan/NTUA-Advanced_Computer_Architecture/exercises/3rd/benchmarks/4.1/real/raw/tas_ts/threads_16/grain_100/repeat_5.stdout.txt,/home/peppaspan/NTUA-Advanced_Computer_Architecture/exercises/3rd/benchmarks/4.1/real/raw/tas_ts/threads_16/grain_100/repeat_5.stderr.txt
ttas_cas,16,50000000,100,1,"0,2,4,6,8,10,12,14,16,17,18,19,20,21,22,23",587.115416000000,800000000,/home/peppaspan/NTUA-Advanced_Computer_Architecture/exercises/3rd/benchmarks/4.1/real/raw/ttas_cas/threads_16/grain_100/repeat_1.stdout.txt,/home/peppaspan/NTUA-Advanced_Computer_Architecture/exercises/3rd/benchmarks/4.1/real/raw/ttas_cas/threads_16/grain_100/repeat_1.stderr.txt
ttas_cas,16,50000000,100,2,"0,2,4,6,8,10,12,14,16,17,18,19,20,21,22,23",609.796044000000,800000000,/home/peppaspan/NTUA-Advanced_Computer_Architecture/exercises/3rd/benchmarks/4.1/real/raw/ttas_cas/threads_16/grain_100/repeat_2.stdout.txt,/home/peppaspan/NTUA-Advanced_Computer_Architecture/exercises/3rd/benchmarks/4.1/real/raw/ttas_cas/threads_16/grain_100/repeat_2.stderr.txt
ttas_cas,16,50000000,100,3,"0,2,4,6,8,10,12,14,16,17,18,19,20,21,22,23",584.712974000000,800000000,/home/peppaspan/NTUA-Advanced_Computer_Architecture/exercises/3rd/benchmarks/4.1/real/raw/ttas_cas/threads_16/grain_100/repeat_3.stdout.txt,/home/peppaspan/NTUA-Advanced_Computer_Architecture/exercises/3rd/benchmarks/4.1/real/raw/ttas_cas/threads_16/grain_100/repeat_3.stderr.txt
ttas_cas,16,50000000,100,4,"0,2,4,6,8,10,12,14,16,17,18,19,20,21,22,23",588.185865000000,800000000,/home/peppaspan/NTUA-Advanced_Computer_Architecture/exercises/3rd/benchmarks/4.1/real/raw/ttas_cas/threads_16/grain_100/repeat_4.stdout.txt,/home/peppaspan/NTUA-Advanced_Computer_Architecture/exercises/3rd/benchmarks/4.1/real/raw/ttas_cas/threads_16/grain_100/repeat_4.stderr.txt
ttas_cas,16,50000000,100,5,"0,2,4,6,8,10,12,14,16,17,18,19,20,21,22,23",611.428767000000,800000000,/home/peppaspan/NTUA-Advanced_Computer_Architecture/exercises/3rd/benchmarks/4.1/real/raw/ttas_cas/threads_16/grain_100/repeat_5.stdout.txt,/home/peppaspan/NTUA-Advanced_Computer_Architecture/exercises/3rd/benchmarks/4.1/real/raw/ttas_cas/threads_16/grain_100/repeat_5.stderr.txt
ttas_ts,16,50000000,100,1,"0,2,4,6,8,10,12,14,16,17,18,19,20,21,22,23",585.321447000000,800000000,/home/peppaspan/NTUA-Advanced_Computer_Architecture/exercises/3rd/benchmarks/4.1/real/raw/ttas_ts/threads_16/grain_100/repeat_1.stdout.txt,/home/peppaspan/NTUA-Advanced_Computer_Architecture/exercises/3rd/benchmarks/4.1/real/raw/ttas_ts/threads_16/grain_100/repeat_1.stderr.txt
ttas_ts,16,50000000,100,2,"0,2,4,6,8,10,12,14,16,17,18,19,20,21,22,23",559.934276000000,800000000,/home/peppaspan/NTUA-Advanced_Computer_Architecture/exercises/3rd/benchmarks/4.1/real/raw/ttas_ts/threads_16/grain_100/repeat_2.stdout.txt,/home/peppaspan/NTUA-Advanced_Computer_Architecture/exercises/3rd/benchmarks/4.1/real/raw/ttas_ts/threads_16/grain_100/repeat_2.stderr.txt
ttas_ts,16,50000000,100,3,"0,2,4,6,8,10,12,14,16,17,18,19,20,21,22,23",570.500085000000,800000000,/home/peppaspan/NTUA-Advanced_Computer_Architecture/exercises/3rd/benchmarks/4.1/real/raw/ttas_ts/threads_16/grain_100/repeat_3.stdout.txt,/home/peppaspan/NTUA-Advanced_Computer_Architecture/exercises/3rd/benchmarks/4.1/real/raw/ttas_ts/threads_16/grain_100/repeat_3.stderr.txt
ttas_ts,16,50000000,100,4,"0,2,4,6,8,10,12,14,16,17,18,19,20,21,22,23",557.713162000000,800000000,/home/peppaspan/NTUA-Advanced_Computer_Architecture/exercises/3rd/benchmarks/4.1/real/raw/ttas_ts/threads_16/grain_100/repeat_4.stdout.txt,/home/peppaspan/NTUA-Advanced_Computer_Architecture/exercises/3rd/benchmarks/4.1/real/raw/ttas_ts/threads_16/grain_100/repeat_4.stderr.txt
ttas_ts,16,50000000,100,5,"0,2,4,6,8,10,12,14,16,17,18,19,20,21,22,23",586.840093000000,800000000,/home/peppaspan/NTUA-Advanced_Computer_Architecture/exercises/3rd/benchmarks/4.1/real/raw/ttas_ts/threads_16/grain_100/repeat_5.stdout.txt,/home/peppaspan/NTUA-Advanced_Computer_Architecture/exercises/3rd/benchmarks/4.1/real/raw/ttas_ts/threads_16/grain_100/repeat_5.stderr.txt
