config,l2_size_kb,best_policy_by_aggregate_ipc,best_aggregate_ipc,best_arithmetic_mean_ipc,worst_policy_by_aggregate_ipc,worst_aggregate_ipc,ipc_range
L2_256KB_A4_B256,256,LRU,0.222247081,0.317401229,MRU,0.134452534,0.087794547
L2_512KB_A16_B256,512,LRU,0.243642510,0.332163957,MRU,0.106691264,0.136951246
L2_1024KB_A16_B256,1024,LRU,0.262638369,0.346571686,MRU,0.133372740,0.129265629
L2_2048KB_A16_B256,2048,Random,0.271743281,0.354655857,MRU,0.146637062,0.125106219
