group_value,configs,benchmark_rows,arithmetic_mean_direction_mpki,aggregate_direction_mpki,arithmetic_mean_accuracy_pct,total_instructions,total_incorrect
32,5,5,0.183046,0.183046,98.392676,482417007345,88304341
512,5,5,0.183059,0.183059,98.392556,482417007345,88310951
1024,5,5,0.183058,0.183059,98.392563,482417007345,88310554
