group_value,configs,benchmark_rows,arithmetic_mean_direction_mpki,aggregate_direction_mpki,arithmetic_mean_accuracy_pct,total_instructions,total_incorrect
4,3,33,6.229115,5.451740,94.142433,4540721501913,24754833652
8,3,33,5.065644,4.347898,95.370281,4540721501913,19742591751
32,3,33,3.313966,2.451479,97.103511,4540721501913,11131484716
60,3,33,2.872803,1.803267,97.507263,4540721501913,8188132590
72,3,33,2.762713,1.629549,97.606364,4540721501913,7399326325
