group_value,configs,benchmark_rows,arithmetic_mean_direction_mpki,aggregate_direction_mpki,arithmetic_mean_accuracy_pct,total_instructions,total_incorrect
4,3,33,6.229115,5.451740,94.142431,4540721505747,24754834507
8,3,33,5.065644,4.347897,95.370286,4540721505747,19742590046
32,3,33,3.313966,2.451479,97.103511,4540721505747,11131484730
60,3,33,2.872804,1.803267,97.507263,4540721505747,8188132813
72,3,33,2.762713,1.629549,97.606363,4540721505747,7399326627
