group_value,configs,benchmark_rows,arithmetic_mean_direction_mpki,aggregate_direction_mpki,arithmetic_mean_accuracy_pct,total_instructions,total_incorrect
4,3,3,0.185551,0.185552,98.370672,289450204407,53707921
8,3,3,0.183805,0.183805,98.386009,289450204407,53202379
32,3,3,0.182093,0.182094,98.401037,289450204407,52707009
60,3,3,0.181918,0.181918,98.402575,289450204407,52656313
72,3,3,0.181904,0.181904,98.402699,289450204407,52652224
