ras_entries,benchmarks,arithmetic_mean_miss_rate_pct,aggregate_miss_rate_pct,arithmetic_mean_accuracy_pct,arithmetic_mean_ras_miss_mpki,aggregate_ras_miss_mpki,total_instructions,total_returns,total_incorrect
4,11,2.844711,14.739279,97.155289,0.777243,1.148665,1513593793157,11795773418,1738611910
8,11,0.596856,5.203045,99.403144,0.254411,0.405485,1513593793157,11795773418,613739369
16,11,0.113588,1.130319,99.886412,0.054362,0.088088,1513593793157,11795773418,133329909
32,11,0.070340,0.707476,99.929660,0.033899,0.055135,1513593793157,11795773418,83452272
48,11,0.062997,0.634815,99.937003,0.030396,0.049473,1513593793157,11795773418,74881382
64,11,0.055760,0.562375,99.944240,0.026919,0.043827,1513593793157,11795773418,66336446
