family,predictors,benchmark_rows,arithmetic_mean_direction_mpki,aggregate_direction_mpki,arithmetic_mean_accuracy_pct,total_instructions,total_incorrect
alpha21264,1,11,3.071448,2.118810,97.392210,1513586264844,3207002344
perceptron,3,33,3.513893,2.580633,96.865501,4540758794532,11718033027
tournament,4,44,4.230968,3.482730,96.237307,6054345059376,21085650081
global-history,3,33,5.468055,4.788657,94.990773,4540758794532,21744134304
local-history,3,33,6.244291,4.455670,94.875652,4540758794532,20232121554
nbit,1,11,7.769876,6.505473,91.486057,1513586264844,9846594767
pentium-m,1,11,12.313659,6.851084,90.469760,1513586264844,10369707353
static,2,22,33.175079,23.865526,66.069804,3027172529688,72245063782
