btb,entries,associativity,sets,benchmarks,arithmetic_mean_direction_miss_rate_pct,aggregate_direction_miss_rate_pct,arithmetic_mean_direction_mpki,aggregate_direction_mpki,arithmetic_mean_target_miss_rate_pct,aggregate_target_miss_rate_pct,arithmetic_mean_target_mpki,aggregate_target_mpki,arithmetic_mean_total_miss_mpki,aggregate_total_miss_mpki,total_instructions,total_direction_incorrect,total_target_incorrect
BTB-512-1,512,1,512,11,23.120079,23.272244,25.885475,18.491939,0.621106,1.102117,0.484436,0.433647,26.369911,18.925586,1513572807427,27988895731,656356839
BTB-512-2,512,2,256,11,24.102870,22.700876,28.984471,18.037934,0.570966,1.111710,0.514415,0.471573,29.498886,18.509508,1513572807427,27301727025,713760325
BTB-256-4,256,4,64,11,24.058049,24.421866,29.160443,19.405419,0.567956,1.046319,0.485072,0.432749,29.645515,19.838168,1513572807427,29371514989,654997072
BTB-256-2,256,2,128,11,24.060711,24.354524,29.327944,19.351910,0.594306,1.041266,0.470006,0.413625,29.797950,19.765535,1513572807427,29290524447,626052212
BTB-64-4,64,4,16,11,24.160967,27.547892,30.271177,21.889335,0.634577,0.802531,0.357953,0.277678,30.629129,22.167013,1513572807427,33131102150,420285815
BTB-64-8,64,8,8,11,24.324927,28.074119,30.518090,22.307471,0.603297,0.755293,0.349497,0.262453,30.867587,22.569924,1513572807427,33763981307,397241943
BTB-128-2,128,2,64,11,24.515405,26.949872,30.545125,21.414153,0.570423,0.782773,0.379767,0.285436,30.924892,21.699589,1513572807427,32411879854,432027683
BTB-128-4,128,4,32,11,24.491099,27.183376,30.583944,21.599693,0.589806,0.876258,0.405828,0.326304,30.989772,21.925997,1513572807427,32692708523,493884566
