benchmark,configs,best_config_by_ipc,best_ipc,worst_config_by_ipc,worst_ipc,ipc_range
403.gcc,21,L2_2048KB_A16_B256,0.531196000,L2_256KB_A4_B64,0.358763000,0.172433000
429.mcf,21,L2_2048KB_A16_B256,0.103163000,L2_256KB_A4_B64,0.035628900,0.067534100
433.milc,21,L2_2048KB_A16_B256,0.289928000,L2_256KB_A4_B64,0.172253000,0.117675000
444.namd,21,L2_1024KB_A8_B256,0.716906000,L2_256KB_A4_B64,0.700434000,0.016472000
450.soplex,21,L2_2048KB_A16_B256,0.333937000,L2_256KB_A4_B64,0.140474000,0.193463000
459.GemsFDTD,21,L2_2048KB_A16_B256,0.274666000,L2_256KB_A4_B64,0.139235000,0.135431000
470.lbm,21,L2_2048KB_A16_B256,0.235013000,L2_256KB_A4_B64,0.095769600,0.139243400
